Origin,Destination,Peak Time,Driving Duration (Minutes),Driving Distance (KM),Transit Duration (Minutes),Transit Distance (KM),Driving Duration Reverse (Minutes),Driving Distance Reverse (KM),Transit Duration Reverse (Minutes),Transit Distance Reverse (KM),Transit is Faster,Time Saved (Minutes),Transit Percentage Faster
King Saud University,Al Murooj,2025-01-22 08:00:00,11.983333333333333,7.708,14.666666666666666,8.018,13.033333333333331,9.445,17.966666666666665,8.174,False,-2.6833333333333336,-22.392211404728794
King Saud University,Al Murooj,2025-01-22 17:00:00,20.633333333333333,8.179,17.0,8.018,19.55,9.445,18.966666666666665,8.174,True,3.633333333333333,17.60904684975767
King Saud University,King Fahad District,2025-01-22 08:00:00,9.583333333333334,6.509,12.783333333333331,6.878,10.383333333333333,8.199,17.966666666666665,7.042,False,-3.1999999999999975,-33.39130434782606
King Saud University,King Fahad District,2025-01-22 17:00:00,17.733333333333334,6.509,15.116666666666667,6.878,15.966666666666669,8.199,18.966666666666665,7.042,True,2.616666666666667,14.755639097744364
King Saud University,King Fahad District 2,2025-01-22 08:00:00,9.15,5.497,11.0,5.821,10.75,7.839,10.966666666666669,5.977,False,-1.8499999999999996,-20.218579234972673
King Saud University,King Fahad District 2,2025-01-22 17:00:00,19.616666666666667,5.497,13.333333333333334,5.821,15.116666666666667,7.839,11.966666666666669,5.977,True,6.283333333333333,32.030586236193706
King Saud University,Al Wurud 2,2025-01-22 08:00:00,8.7,5.524,10.95,5.522,9.083333333333334,7.45,10.466666666666669,5.556,False,-2.25,-25.862068965517242
King Saud University,Al Wurud 2,2025-01-22 17:00:00,18.583333333333332,5.524,13.283333333333331,5.522,13.216666666666669,7.45,11.466666666666669,5.556,True,5.300000000000001,28.520179372197312
King Saud University,Al Urubah,2025-01-22 08:00:00,10.6,6.394,13.416666666666666,6.52,11.783333333333331,8.437,12.116666666666667,6.426,False,-2.8166666666666664,-26.572327044025158
King Saud University,Al Urubah,2025-01-22 17:00:00,21.45,6.394,15.75,6.52,14.4,8.437,13.116666666666667,6.426,True,5.699999999999999,26.573426573426573
King Saud University,Alinma Bank,2025-01-22 08:00:00,13.266666666666667,7.72,15.45,7.719,13.8,10.254,14.4,7.761,False,-2.183333333333332,-16.457286432160792
King Saud University,Alinma Bank,2025-01-22 17:00:00,24.083333333333332,7.72,17.783333333333335,7.719,21.933333333333337,10.427,15.4,7.761,True,6.299999999999997,26.159169550173
King Saud University,Bank Albilad,2025-01-22 08:00:00,14.5,8.689,20.366666666666667,8.788,16.766666666666666,13.562,19.2,8.739,False,-5.866666666666667,-40.459770114942536
King Saud University,Bank Albilad,2025-01-22 17:00:00,22.116666666666667,8.689,22.7,8.788,22.333333333333332,13.562,20.2,8.739,False,-0.5833333333333321,-2.6375282592313436
King Saud University,King Fahad Library,2025-01-22 08:00:00,16.0,9.446,17.666666666666668,9.33,15.4,11.091,17.7,9.323,False,-1.6666666666666679,-10.416666666666675
King Saud University,King Fahad Library,2025-01-22 17:00:00,24.116666666666667,9.446,20.0,9.33,23.25,13.602,18.7,9.323,True,4.116666666666667,17.069799585349
King Saud University,Ministry of Interior,2025-01-22 08:00:00,17.183333333333334,12.527,17.366666666666667,11.213,16.316666666666666,13.217,20.366666666666667,11.256,False,-0.18333333333333357,-1.0669253152279354
King Saud University,Ministry of Interior,2025-01-22 17:00:00,28.6,12.065,19.7,11.213,22.116666666666667,13.217,21.366666666666667,11.256,True,8.900000000000002,31.118881118881127
King Saud University,Al Muorabba,2025-01-22 08:00:00,20.05,13.688,17.366666666666667,12.554,17.016666666666666,13.38,22.433333333333337,12.578,True,2.6833333333333336,13.383208645054031
King Saud University,Al Muorabba,2025-01-22 17:00:00,30.816666666666663,13.688,19.7,12.554,22.916666666666668,13.38,23.433333333333337,12.578,True,11.116666666666664,36.073553272038936
King Saud University,Passport Department,2025-01-22 08:00:00,19.716666666666665,15.028,26.466666666666665,13.14,18.45,13.864,24.05,13.177,False,-6.75,-34.234995773457314
King Saud University,Passport Department,2025-01-22 17:00:00,36.46666666666667,14.488,28.8,13.14,22.05,13.864,25.05,13.177,True,7.666666666666668,21.023765996343695
King Saud University,National Museum,2025-01-22 08:00:00,21.016666666666666,15.472,29.483333333333334,15.079,22.466666666666665,16.249,27.066666666666663,15.126,False,-8.466666666666669,-40.285487708168134
King Saud University,National Museum,2025-01-22 17:00:00,38.13333333333333,15.222,31.816666666666663,15.079,26.0,16.249,28.066666666666663,15.126,True,6.31666666666667,16.564685314685324
King Saud University,Al Bat’ha,2025-01-22 08:00:00,21.333333333333332,16.406,31.3,16.045,23.783333333333335,17.15,29.05,16.074,False,-9.966666666666669,-46.71875000000001
King Saud University,Al Bat’ha,2025-01-22 17:00:00,42.65,15.968,33.63333333333333,16.045,25.7,17.15,30.05,16.074,True,9.016666666666666,21.1410707307542
King Saud University,Al Owd,2025-01-22 08:00:00,25.583333333333332,19.085,36.55,17.747,28.35,18.927,32.916666666666664,17.659,False,-10.966666666666665,-42.866449511400646
King Saud University,Al Owd,2025-01-22 17:00:00,50.583333333333336,18.648,38.88333333333333,17.747,30.333333333333332,18.927,33.916666666666664,17.659,True,11.700000000000003,23.130148270181223
King Saud University,Skirinah,2025-01-22 08:00:00,25.283333333333335,20.655,37.03333333333333,18.571,30.366666666666667,19.871,35.266666666666666,18.611,False,-11.749999999999996,-46.47330257086353
King Saud University,Skirinah,2025-01-22 17:00:00,48.68333333333333,20.218,39.36666666666667,18.571,30.6,19.347,36.266666666666666,18.611,True,9.316666666666663,19.13728175282437
King Saud University,Manfouhah,2025-01-22 08:00:00,24.566666666666663,19.921,38.7,19.419,37.61666666666667,21.755,36.916666666666664,19.459,False,-14.13333333333334,-57.53052917232026
King Saud University,Manfouhah,2025-01-22 17:00:00,48.11666666666667,19.484,41.03333333333333,19.419,33.28333333333333,21.755,37.916666666666664,19.459,True,7.083333333333336,14.721163837894014
King Saud University,Al Iman Hospital,2025-01-22 08:00:00,27.616666666666667,23.102,41.766666666666666,20.947,36.583333333333336,23.419,39.75,20.982,False,-14.149999999999999,-51.237175618587806
King Saud University,Al Iman Hospital,2025-01-22 17:00:00,51.516666666666666,22.665,44.1,20.947,38.583333333333336,23.419,40.75,20.982,True,7.416666666666664,14.39663539307667
King Saud University,Transportation Center,2025-01-22 08:00:00,28.45,26.371,43.88333333333333,22.347,36.266666666666666,38.002,42.43333333333333,22.377,False,-15.433333333333334,-54.24721734036321
King Saud University,Transportation Center,2025-01-22 17:00:00,53.0,25.934,46.21666666666667,22.347,38.18333333333333,38.002,40.1,22.377,True,6.783333333333331,12.798742138364776
King Saud University,Al Aziziah,2025-01-22 08:00:00,31.333333333333332,29.74,43.88333333333333,25.121,40.483333333333334,38.659,46.266666666666666,25.154,False,-12.55,-40.05319148936171
King Saud University,Al Aziziah,2025-01-22 17:00:00,61.416666666666664,29.303,46.21666666666667,25.121,42.38333333333333,38.659,43.766666666666666,25.154,True,15.199999999999996,24.748982360922653
King Saud University,Ad Dar Al Baida,2025-01-22 08:00:00,34.86666666666667,32.169,51.233333333333334,28.543,45.3,29.608,51.06666666666667,28.576,False,-16.366666666666667,-46.94072657743786
King Saud University,Ad Dar Al Baida,2025-01-22 17:00:00,65.8,31.732,53.56666666666667,28.543,46.93333333333333,33.033,48.56666666666667,28.576,True,12.233333333333327,18.591691995947308
King Saud University,SAB Bank,2025-01-22 08:00:00,19.266666666666666,24.653,25.416666666666668,17.502,20.516666666666666,24.388,30.066666666666663,17.647,False,-6.150000000000002,-31.920415224913505
King Saud University,SAB Bank,2025-01-22 17:00:00,35.45,24.653,27.75,17.502,30.033333333333335,24.388,31.066666666666663,17.647,True,7.700000000000003,21.720733427362486
King Saud University,DR SULAIMAN AL HABIB,2025-01-22 08:00:00,18.283333333333335,14.679,23.566666666666663,15.307,18.333333333333332,20.004,30.066666666666663,15.438,False,-5.283333333333328,-28.896991795806713
King Saud University,DR SULAIMAN AL HABIB,2025-01-22 17:00:00,39.35,14.679,25.9,15.307,28.116666666666667,16.365,31.066666666666663,15.438,True,13.450000000000003,34.18043202033038
King Saud University,King Salman Oasis,2025-01-22 08:00:00,4.383333333333334,3.097,2.55,1.353,3.9833333333333334,3.091,2.6333333333333333,1.36,True,1.833333333333334,41.825095057034225
King Saud University,King Salman Oasis,2025-01-22 17:00:00,6.333333333333333,3.097,2.55,1.353,4.416666666666667,3.091,2.6333333333333333,1.36,True,3.783333333333333,59.73684210526316
King Saud University,KACST,2025-01-22 08:00:00,5.866666666666666,3.765,4.4,2.413,4.916666666666667,4.154,4.25,2.421,True,1.466666666666666,24.99999999999999
King Saud University,KACST,2025-01-22 17:00:00,10.533333333333331,3.983,4.4,2.413,5.816666666666666,4.154,4.25,2.421,True,6.133333333333331,58.22784810126581
King Saud University,At Takhassussi,2025-01-22 08:00:00,7.383333333333334,5.217,5.95,3.145,7.483333333333333,5.238,4.733333333333333,3.139,True,1.4333333333333336,19.413092550790072
King Saud University,At Takhassussi,2025-01-22 17:00:00,13.033333333333331,4.095,5.95,3.145,9.1,5.238,4.733333333333333,3.139,True,7.083333333333331,54.347826086956516
King Saud University,stc,2025-01-22 08:00:00,10.55,8.637,12.65,4.723,7.216666666666667,6.117,7.783333333333333,4.386,False,-2.0999999999999996,-19.905213270142173
King Saud University,stc,2025-01-22 17:00:00,21.816666666666663,10.753,12.65,4.723,9.033333333333331,6.117,7.783333333333333,4.386,True,9.166666666666663,42.01680672268907
King Saud University,Al Wurud,2025-01-22 08:00:00,9.25,7.369,10.133333333333333,5.643,7.933333333333334,7.38,9.983333333333333,5.648,False,-0.8833333333333329,-9.549549549549544
King Saud University,Al Wurud,2025-01-22 17:00:00,23.866666666666667,7.369,10.133333333333333,5.643,10.7,7.38,9.983333333333333,5.648,True,13.733333333333334,57.54189944134078
King Saud University,King Abdulaziz Road,2025-01-22 08:00:00,9.933333333333334,7.266,11.883333333333333,6.578,9.1,8.3,11.783333333333331,6.566,False,-1.9499999999999993,-19.630872483221466
King Saud University,King Abdulaziz Road,2025-01-22 17:00:00,24.366666666666667,7.266,11.883333333333333,6.578,12.95,8.3,11.783333333333331,6.566,True,12.483333333333334,51.2311901504788
King Saud University,Riyadh Exhibition Center,2025-01-22 08:00:00,11.833333333333334,11.257,18.75,11.219,15.866666666666667,13.95,18.766666666666666,11.225,False,-6.916666666666666,-58.4507042253521
King Saud University,Riyadh Exhibition Center,2025-01-22 17:00:00,30.35,11.257,18.75,11.219,20.3,13.95,18.766666666666666,11.225,True,11.600000000000001,38.220757825370676
King Saud University,An Nuzhah,2025-01-22 08:00:00,15.95,13.907,16.433333333333334,9.558,12.5,11.3,16.416666666666668,9.567,False,-0.4833333333333343,-3.0303030303030365
King Saud University,An Nuzhah,2025-01-22 17:00:00,32.63333333333333,13.907,16.433333333333334,9.558,17.733333333333334,11.3,16.416666666666668,9.567,True,16.2,49.64249233912155
King Saud University,Khalid Bin Alwaleed Road,2025-01-22 08:00:00,14.883333333333333,14.839,22.666666666666668,14.744,21.283333333333335,16.513,22.716666666666665,14.779,False,-7.783333333333335,-52.295632698768216
King Saud University,Khalid Bin Alwaleed Road,2025-01-22 17:00:00,36.233333333333334,14.839,22.666666666666668,14.744,21.883333333333333,16.513,22.716666666666665,14.779,True,13.566666666666666,37.44250229990801
King Saud University,Al Khaleej,2025-01-22 08:00:00,19.833333333333332,20.048,29.233333333333334,18.749,25.616666666666667,20.467,28.183333333333337,18.736,False,-9.400000000000002,-47.394957983193294
King Saud University,Al Khaleej,2025-01-22 17:00:00,44.483333333333334,20.048,29.233333333333334,18.749,24.65,20.467,28.183333333333337,18.736,True,15.25,34.282502810041215
King Saud University,Ishbiliyah,2025-01-22 08:00:00,20.0,22.589,30.65,20.76,26.833333333333332,22.478,30.85,20.748,False,-10.649999999999999,-53.25
King Saud University,Ishbiliyah,2025-01-22 17:00:00,43.43333333333333,22.589,30.65,20.76,26.033333333333335,22.478,30.85,20.748,True,12.783333333333331,29.43207981580967
King Saud University,King Fahad Sport City,2025-01-22 08:00:00,25.55,27.473,34.38333333333333,24.137,31.75,27.835,35.56666666666667,24.103,False,-8.833333333333332,-34.57273320287018
King Saud University,King Fahad Sport City,2025-01-22 17:00:00,50.666666666666664,27.473,34.38333333333333,24.137,32.95,27.835,35.56666666666667,24.103,True,16.28333333333333,32.13815789473684
King Saud University,Jeddah Road,2025-01-22 08:00:00,19.216666666666665,23.617,87.33333333333333,36.213,26.1,21.278,94.41666666666669,36.361,False,-68.11666666666666,-354.4666088464874
King Saud University,Jeddah Road,2025-01-22 17:00:00,41.266666666666666,23.617,101.83333333333331,37.24,22.15,21.278,91.73333333333332,36.379,False,-60.56666666666665,-146.7689822294022
King Saud University,Tuwaiq,2025-01-22 08:00:00,22.583333333333332,26.713,84.01666666666667,33.747,23.966666666666665,21.292,91.13333333333334,33.89,False,-61.43333333333334,-272.029520295203
King Saud University,Tuwaiq,2025-01-22 17:00:00,47.416666666666664,26.713,98.51666666666668,34.774,19.733333333333334,21.292,88.45,33.908,False,-51.100000000000016,-107.76801405975401
King Saud University,Ad Douh,2025-01-22 08:00:00,20.833333333333332,27.535,81.93333333333334,23.048,26.116666666666667,20.09,83.71666666666667,22.068,False,-61.10000000000001,-293.2800000000001
King Saud University,Ad Douh,2025-01-22 17:00:00,46.86666666666667,24.007,94.65,31.663,21.266666666666666,20.09,93.06666666666666,31.392,False,-47.78333333333334,-101.95590327169275
King Saud University,Western Station,2025-01-22 08:00:00,20.6,29.262,75.0,24.467,25.816666666666663,21.92,76.28333333333333,22.995,False,-54.4,-264.0776699029126
King Saud University,Western Station,2025-01-22 17:00:00,45.483333333333334,25.735,75.0,24.467,22.166666666666668,21.92,76.28333333333333,22.995,False,-29.516666666666666,-64.89556614144375
King Saud University,Aishah bint Abi Bakr Street,2025-01-22 08:00:00,25.05,21.151,96.58333333333331,28.349,26.35,18.013,79.4,25.225,False,-71.53333333333332,-285.56220891550225
King Saud University,Aishah bint Abi Bakr Street,2025-01-22 17:00:00,40.983333333333334,21.151,79.43333333333334,25.559,25.55,18.013,80.06666666666666,25.225,False,-38.45,-93.81862545750306
King Saud University,Sultanah,2025-01-22 08:00:00,22.35,17.405,60.03333333333333,17.729,27.766666666666666,17.567,71.85,18.653,False,-37.68333333333333,-168.6055182699478
King Saud University,Sultanah,2025-01-22 17:00:00,43.86666666666667,17.405,76.53333333333333,19.299,26.4,17.722,67.03333333333333,18.672,False,-32.666666666666664,-74.46808510638297
King Saud University,Al Jarradiyah,2025-01-22 08:00:00,19.833333333333332,15.757,55.86666666666667,16.72,26.95,16.94,64.6,17.731,False,-36.03333333333333,-181.68067226890756
King Saud University,Al Jarradiyah,2025-01-22 17:00:00,38.43333333333333,15.757,72.0,18.289,24.516666666666666,16.94,62.71666666666667,17.749,False,-33.56666666666667,-87.33738074588034
King Saud University,Dhahrat Al Badiah,2025-01-22 08:00:00,25.95,19.236,69.71666666666667,21.767,26.133333333333333,17.845,74.51666666666667,22.444,False,-43.766666666666666,-168.65767501605654
King Saud University,Dhahrat Al Badiah,2025-01-22 17:00:00,41.56666666666667,21.579,74.66666666666667,24.334,25.966666666666665,17.845,72.18333333333334,22.444,False,-33.1,-79.63111467522053
King Saud University,Courts Complex,2025-01-22 08:00:00,20.516666666666666,17.638,49.88333333333333,17.391,29.066666666666663,18.382,49.25,17.451,False,-29.366666666666667,-143.13566206336313
King Saud University,Courts Complex,2025-01-22 17:00:00,45.53333333333333,17.2,52.21666666666667,17.391,26.55,18.382,46.75,17.451,False,-6.683333333333337,-14.677891654465602
King Saud University,Qasr Al Hokm,2025-01-22 08:00:00,22.933333333333337,18.05,48.06666666666667,18.587,26.933333333333337,18.476,45.1,18.499,False,-25.133333333333333,-109.59302325581393
King Saud University,Qasr Al Hokm,2025-01-22 17:00:00,47.03333333333333,17.612,50.4,18.587,29.183333333333337,19.163,42.6,18.499,False,-3.366666666666667,-7.158043940467755
King Saud University,Al Hilla,2025-01-22 08:00:00,25.566666666666663,18.767,46.483333333333334,18.458,27.516666666666666,18.631,44.78333333333333,18.463,False,-20.91666666666667,-81.81225554106913
King Saud University,Al Hilla,2025-01-22 17:00:00,49.13333333333333,18.33,48.81666666666667,18.458,31.1,18.106,42.28333333333333,18.463,True,0.3166666666666629,0.6445047489823532
King Saud University,Al Margab,2025-01-22 08:00:00,26.816666666666663,19.283,53.46666666666667,18.974,30.683333333333337,19.821,52.03333333333333,18.979,False,-26.650000000000006,-99.37849596022377
King Saud University,Al Margab,2025-01-22 17:00:00,50.35,18.846,55.8,18.974,37.483333333333334,19.821,49.53333333333333,18.979,False,-5.449999999999996,-10.824230387288969
King Saud University,As Salhiyah,2025-01-22 08:00:00,28.133333333333333,19.13,56.95,18.105,29.766666666666666,20.896,59.416666666666664,18.169,False,-28.81666666666667,-102.42890995260665
King Saud University,As Salhiyah,2025-01-22 17:00:00,46.25,19.13,63.88333333333333,18.215,39.916666666666664,20.896,56.916666666666664,18.169,False,-17.633333333333333,-38.126126126126124
King Saud University,First Industrial City,2025-01-22 08:00:00,28.216666666666665,19.479,61.65,23.037,27.966666666666665,19.676,63.583333333333336,39.096,False,-33.43333333333334,-118.48789131718844
King Saud University,First Industrial City,2025-01-22 17:00:00,44.666666666666664,19.14,62.983333333333334,23.037,37.4,19.676,64.75,39.096,False,-18.31666666666667,-41.00746268656717
King Saud University,Railway,2025-01-22 08:00:00,28.15,19.365,61.516666666666666,23.568,27.25,20.277,60.88333333333333,38.545,False,-33.36666666666667,-118.53167554766135
King Saud University,Railway,2025-01-22 17:00:00,44.45,19.365,59.516666666666666,23.568,36.18333333333333,20.277,62.05,38.545,False,-15.066666666666663,-33.895763029621286
King Saud University,Al Malaz,2025-01-22 08:00:00,28.5,18.486,52.666666666666664,18.405,30.183333333333337,20.267,61.46666666666667,18.926,False,-24.166666666666664,-84.7953216374269
King Saud University,Al Malaz,2025-01-22 17:00:00,44.11666666666667,18.652,57.5,18.405,39.8,20.985,58.13333333333333,18.926,False,-13.383333333333333,-30.3362296939932
King Saud University,Jarir District,2025-01-22 08:00:00,24.916666666666668,24.099,78.56666666666666,21.271,26.5,21.014,83.63333333333334,21.731,False,-53.64999999999999,-215.31772575250835
King Saud University,Jarir District,2025-01-22 17:00:00,49.983333333333334,24.099,83.4,21.271,37.78333333333333,21.014,83.3,21.731,False,-33.41666666666667,-66.85561853951319
King Saud University,Al Rajhi Grand Mosque,2025-01-22 08:00:00,24.233333333333334,23.448,76.36666666666666,34.293,29.233333333333334,23.66,73.48333333333333,32.85,False,-52.133333333333326,-215.130674002751
King Saud University,Al Rajhi Grand Mosque,2025-01-22 17:00:00,49.9,23.448,75.2,34.293,37.95,23.66,74.65,32.85,False,-25.300000000000004,-50.70140280561123
King Saud University,Harun ar Rashid Road,2025-01-22 08:00:00,27.483333333333334,25.957,51.05,32.536,34.68333333333333,25.865,49.78333333333333,31.062,False,-23.566666666666663,-85.74893875075801
King Saud University,Harun ar Rashid Road,2025-01-22 17:00:00,55.05,25.957,49.88333333333333,32.536,40.61666666666667,25.484,54.45,31.062,True,5.166666666666664,9.38540720557069
King Saud University,Hassan Bin Thabit Street,2025-01-22 08:00:00,28.533333333333335,28.3,82.06666666666666,28.497,39.68333333333333,31.507,88.95,32.132,False,-53.53333333333333,-187.6168224299065
King Saud University,Hassan Bin Thabit Street,2025-01-22 17:00:00,59.016666666666666,28.3,79.4,28.497,45.666666666666664,30.416,84.95,30.8,False,-20.38333333333334,-34.53826602654618
King Saud University,Khashm Al An,2025-01-22 08:00:00,27.866666666666667,31.552,102.16666666666669,30.005,46.0,31.546,107.81666666666666,33.64,False,-74.30000000000001,-266.62679425837325
King Saud University,Khashm Al An,2025-01-22 17:00:00,53.88333333333333,31.552,99.5,30.005,45.483333333333334,31.546,106.98333333333332,32.308,False,-45.61666666666667,-84.65821218682339
King Saud University,KAFD,2025-01-22 08:00:00,11.5,9.517,18.833333333333332,10.003,11.783333333333331,14.399,21.533333333333335,10.16,False,-7.333333333333332,-63.76811594202898
King Saud University,KAFD,2025-01-22 17:00:00,18.15,9.517,21.166666666666668,10.003,19.433333333333337,14.399,22.533333333333335,10.16,False,-3.0166666666666693,-16.620752984389362
King Saud University,ar Rabi,2025-01-22 08:00:00,15.85,14.292,22.566666666666663,13.187,17.0,15.577,27.766666666666666,13.331,False,-6.716666666666663,-42.376445846477374
King Saud University,ar Rabi,2025-01-22 17:00:00,30.15,14.136,26.733333333333334,13.182,28.883333333333333,15.577,29.266666666666666,13.336,True,3.4166666666666643,11.332227750138191
King Saud University,Uthman Bin Affan Road,2025-01-22 08:00:00,18.716666666666665,16.429,26.9,17.182,25.05,22.778,32.766666666666666,17.331,False,-8.183333333333334,-43.72217275155833
King Saud University,Uthman Bin Affan Road,2025-01-22 17:00:00,40.03333333333333,16.429,31.066666666666663,17.2,31.133333333333333,22.778,34.266666666666666,17.349,True,8.966666666666669,22.39800166527894
King Saud University,SABIC,2025-01-22 08:00:00,19.583333333333332,17.922,30.316666666666663,18.695,23.716666666666665,21.285,41.916666666666664,27.212,False,-10.73333333333333,-54.80851063829786
King Saud University,SABIC,2025-01-22 17:00:00,40.61666666666667,17.922,40.833333333333336,27.395,29.45,21.285,41.416666666666664,27.212,False,-0.21666666666666856,-0.5334427574887203
King Saud University,PNU 1,2025-01-22 08:00:00,25.033333333333335,24.562,39.06666666666667,23.052,28.6,24.763,43.25,23.202,False,-14.033333333333335,-56.05858854860186
King Saud University,PNU 1,2025-01-22 17:00:00,44.483333333333334,36.285,40.4,23.052,40.56666666666667,26.973,40.583333333333336,23.202,True,4.083333333333336,9.179467965530167
King Saud University,PNU 2,2025-01-22 08:00:00,23.983333333333334,24.606,42.38333333333333,25.475,27.516666666666666,26.712,46.63333333333333,25.62,False,-18.4,-76.71994440583738
King Saud University,PNU 2,2025-01-22 17:00:00,42.18333333333333,34.962,43.71666666666667,25.475,40.36666666666667,26.712,41.8,25.62,False,-1.5333333333333385,-3.6349269063611347
King Saud University,Airport T5,2025-01-22 08:00:00,26.466666666666665,39.558,53.13333333333333,36.48,29.516666666666666,42.112,56.3,36.632,False,-26.666666666666668,-100.75566750629723
King Saud University,Airport T5,2025-01-22 17:00:00,45.3,39.558,54.46666666666667,36.48,41.28333333333333,42.112,54.96666666666667,36.632,False,-9.166666666666671,-20.235467255334814
King Saud University,Airport T3-4,2025-01-22 08:00:00,28.55,41.834,55.7,38.379,28.533333333333335,42.384,56.93333333333333,38.526,False,-27.150000000000002,-95.09632224168126
King Saud University,Airport T3-4,2025-01-22 17:00:00,46.8,41.834,57.03333333333333,38.379,38.55,42.384,57.766666666666666,38.526,False,-10.233333333333334,-21.86609686609687
King Saud University,Airport T1-2,2025-01-22 08:00:00,30.55,43.153,59.483333333333334,39.007,30.166666666666668,44.775,58.516666666666666,39.154,False,-28.933333333333334,-94.70812875068194
King Saud University,Airport T1-2,2025-01-22 17:00:00,50.266666666666666,43.153,61.65,39.007,41.78333333333333,44.775,57.18333333333333,39.154,False,-11.383333333333333,-22.645888594164457
King Saud University,King Abdulaziz Hospital,2025-01-22 08:00:00,21.683333333333337,15.593,32.96666666666667,18.386,20.583333333333332,16.505,31.216666666666665,16.889,False,-11.283333333333331,-52.03689469638738
King Saud University,King Abdulaziz Hospital,2025-01-22 17:00:00,34.766666666666666,15.593,35.15,18.386,27.483333333333334,16.505,34.53333333333333,16.889,False,-0.38333333333333286,-1.1025886864813026
King Saud University,Al Wizarat,2025-01-22 08:00:00,18.95,14.897,29.1,16.562,21.583333333333332,14.884,38.083333333333336,18.705,False,-10.150000000000002,-53.56200527704487
King Saud University,Al Wizarat,2025-01-22 17:00:00,38.43333333333333,13.922,31.283333333333335,16.562,26.583333333333332,14.884,33.4,18.705,True,7.149999999999995,18.60364267129227
King Saud University,Ministry of Defence,2025-01-22 08:00:00,20.116666666666667,15.79,30.766666666666666,17.453,23.3,16.216,33.416666666666664,17.813,False,-10.649999999999999,-52.941176470588225
King Saud University,Ministry of Defence,2025-01-22 17:00:00,42.233333333333334,15.79,32.95,17.453,27.9,16.216,36.733333333333334,17.813,True,9.283333333333331,21.981057616416727
King Saud University,Ministry of Finance,2025-01-22 08:00:00,24.033333333333335,14.993,34.6,19.237,21.083333333333332,17.102,29.583333333333332,16.03,False,-10.566666666666666,-43.96671289875173
King Saud University,Ministry of Finance,2025-01-22 17:00:00,39.63333333333333,15.806,36.78333333333333,19.237,27.666666666666668,17.102,32.9,16.03,True,2.8500000000000014,7.190916736753578
King Saud University,GOSI,2025-01-22 08:00:00,19.733333333333334,15.115,27.233333333333334,15.425,19.15,14.845,40.166666666666664,14.169,False,-7.5,-38.00675675675676
King Saud University,GOSI,2025-01-22 17:00:00,38.21666666666667,13.855,29.416666666666668,15.425,25.766666666666666,14.845,35.266666666666666,19.838,True,8.8,23.02660270388138
King Saud University,Officers Club,2025-01-22 08:00:00,18.25,13.819,25.233333333333334,14.134,17.566666666666666,14.302,38.2,12.877,False,-6.983333333333334,-38.264840182648406
King Saud University,Officers Club,2025-01-22 17:00:00,34.56666666666667,13.96,27.416666666666668,14.134,27.233333333333334,14.302,37.266666666666666,21.135,True,7.150000000000002,20.68466730954677
King Saud University,Abu Dhabi square,2025-01-22 08:00:00,14.166666666666666,11.418,23.4,13.186,15.816666666666666,13.529,35.0,11.837,False,-9.233333333333333,-65.17647058823529
King Saud University,Abu Dhabi square,2025-01-22 17:00:00,34.71666666666667,11.418,25.583333333333332,13.186,26.4,13.529,36.15,11.837,True,9.133333333333336,26.308209313490167
King Saud University,Ad Dhabab,2025-01-22 08:00:00,14.616666666666667,11.521,21.45,12.187,13.916666666666666,12.205,29.783333333333335,10.925,False,-6.833333333333332,-46.750285062713786
King Saud University,Ad Dhabab,2025-01-22 17:00:00,33.6,12.505,23.633333333333333,12.187,23.6,12.205,31.616666666666667,10.925,True,9.966666666666669,29.66269841269842
King Saud University,As Sulimaniyah,2025-01-22 08:00:00,12.983333333333333,10.354,19.866666666666667,11.389,13.35,11.397,29.3,9.803,False,-6.883333333333335,-53.016688061617465
King Saud University,As Sulimaniyah,2025-01-22 17:00:00,32.4,10.354,22.05,11.389,20.533333333333335,11.397,31.466666666666665,9.803,True,10.349999999999998,31.944444444444443
King Saud University,King Salman Park,2025-01-22 08:00:00,12.633333333333333,9.319,17.1,9.254,15.0,11.919,38.083333333333336,13.886,False,-4.466666666666669,-35.3562005277045
King Saud University,King Salman Park,2025-01-22 17:00:00,27.733333333333334,9.319,19.283333333333335,9.254,21.683333333333337,11.919,20.45,11.759,True,8.45,30.468749999999993
King Saud University,Granadia,2025-01-22 08:00:00,17.066666666666666,16.488,37.46666666666667,23.648,24.6,20.041,36.88333333333333,23.47,False,-20.400000000000002,-119.53125000000003
King Saud University,Granadia,2025-01-22 17:00:00,34.21666666666667,16.488,34.8,23.648,29.65,20.041,37.71666666666667,23.47,False,-0.5833333333333286,-1.7048222113979403
King Saud University,Al Yarmuk,2025-01-22 08:00:00,18.033333333333335,18.47,32.266666666666666,19.03,24.883333333333333,20.968,30.35,18.848,False,-14.23333333333333,-78.92791127541588
King Saud University,Al Yarmuk,2025-01-22 17:00:00,37.083333333333336,18.47,29.6,19.03,26.666666666666668,20.968,31.183333333333337,18.848,True,7.483333333333334,20.17977528089888
King Saud University,Al Hamra,2025-01-22 08:00:00,17.6,17.349,28.366666666666667,17.011,25.866666666666667,19.429,25.383333333333333,16.802,False,-10.766666666666666,-61.17424242424241
King Saud University,Al Hamra,2025-01-22 17:00:00,39.61666666666667,17.349,28.366666666666667,17.011,25.483333333333334,19.429,25.383333333333333,16.802,True,11.25,28.397139251156922
King Saud University,Al Andalus,2025-01-22 08:00:00,20.166666666666668,19.438,31.233333333333334,19.48,31.416666666666668,22.228,33.03333333333333,19.493,False,-11.066666666666666,-54.87603305785124
King Saud University,Al Andalus,2025-01-22 17:00:00,44.916666666666664,19.438,32.56666666666667,19.48,33.583333333333336,22.981,31.7,19.493,True,12.349999999999994,27.495361781076056
King Saud University,Khurais Road,2025-01-22 08:00:00,24.75,24.021,34.6,21.559,36.63333333333333,25.209,34.11666666666667,21.571,False,-9.850000000000001,-39.79797979797981
King Saud University,Khurais Road,2025-01-22 17:00:00,50.5,23.935,35.93333333333333,21.559,35.86666666666667,25.0,34.11666666666667,21.571,True,14.56666666666667,28.84488448844885
King Saud University,As Salam,2025-01-22 08:00:00,29.1,26.367,37.95,23.935,38.78333333333333,26.587,38.86666666666667,23.948,False,-8.850000000000001,-30.41237113402062
King Saud University,As Salam,2025-01-22 17:00:00,57.71666666666667,26.367,39.28333333333333,23.935,40.233333333333334,26.377,37.53333333333333,23.948,True,18.433333333333337,31.937626335547222
King Saud University,An Naseem,2025-01-22 08:00:00,29.466666666666665,28.137,44.1,26.89,41.733333333333334,29.352,42.4,26.872,False,-14.633333333333336,-49.66063348416291
King Saud University,An Naseem,2025-01-22 17:00:00,58.45,28.137,43.65,26.89,44.85,29.352,41.06666666666667,26.872,True,14.800000000000004,25.320786997433707
SABIC,Al Murooj,2025-01-22 08:00:00,15.95,13.301,16.933333333333334,10.678,12.5,13.144,17.65,10.68,False,-0.9833333333333343,-6.16509926854755
SABIC,Al Murooj,2025-01-22 17:00:00,18.116666666666667,13.301,17.433333333333334,10.675,19.8,13.144,17.15,10.683,True,0.6833333333333336,3.77184912603496
SABIC,King Fahad District,2025-01-22 08:00:00,16.983333333333334,12.99,16.933333333333334,11.807,14.783333333333331,15.551,19.533333333333335,11.822,True,0.05000000000000071,0.29440628066732505
SABIC,King Fahad District,2025-01-22 17:00:00,17.316666666666666,12.949,17.433333333333334,11.804,26.333333333333332,15.826,19.033333333333335,11.825,False,-0.11666666666666714,-0.6737247353224282
SABIC,King Fahad District 2,2025-01-22 08:00:00,19.716666666666665,15.139,23.6,12.874,14.15,15.846,20.816666666666663,12.877,False,-3.8833333333333364,-19.695688926458175
SABIC,King Fahad District 2,2025-01-22 17:00:00,22.7,14.301,24.1,12.871,28.216666666666665,15.846,20.316666666666663,12.874,False,-1.4000000000000021,-6.1674008810572785
SABIC,Al Wurud 2,2025-01-22 08:00:00,20.55,15.274,27.783333333333335,14.79,16.083333333333332,17.901,23.55,14.784,False,-7.233333333333334,-35.19870235198702
SABIC,Al Wurud 2,2025-01-22 17:00:00,25.533333333333335,15.274,28.283333333333335,14.787,33.13333333333333,17.901,23.55,14.784,False,-2.75,-10.77023498694517
SABIC,Al Urubah,2025-01-22 08:00:00,22.316666666666663,16.144,30.25,15.788,17.083333333333332,18.689,25.2,15.654,False,-7.933333333333337,-35.54891710231519
SABIC,Al Urubah,2025-01-22 17:00:00,27.766666666666666,17.273,30.75,15.785,33.05,18.557,25.2,15.654,False,-2.9833333333333343,-10.744297719087639
SABIC,Alinma Bank,2025-01-22 08:00:00,25.383333333333333,18.116,32.28333333333333,16.987,19.983333333333334,20.699,27.316666666666663,16.989,False,-6.899999999999999,-27.18319107025607
SABIC,Alinma Bank,2025-01-22 17:00:00,32.81666666666667,18.116,32.78333333333333,16.984,41.983333333333334,20.699,26.816666666666663,16.986,True,0.033333333333338544,0.10157440325039677
SABIC,Bank Albilad,2025-01-22 08:00:00,27.216666666666665,19.119,37.2,18.056,20.883333333333333,21.496,31.45,17.964,False,-9.983333333333338,-36.68095529699941
SABIC,Bank Albilad,2025-01-22 17:00:00,35.266666666666666,19.119,37.7,18.053,43.25,21.496,33.78333333333333,17.964,False,-2.433333333333337,-6.899810964083186
SABIC,King Fahad Library,2025-01-22 08:00:00,26.783333333333335,20.28,34.5,18.598,21.2,21.536,29.95,18.548,False,-7.716666666666665,-28.81144990665836
SABIC,King Fahad Library,2025-01-22 17:00:00,37.46666666666667,19.876,35.0,18.595,43.7,21.536,32.28333333333333,18.548,True,2.4666666666666686,6.583629893238439
SABIC,Ministry of Interior,2025-01-22 08:00:00,27.8,21.792,34.2,20.481,22.283333333333335,23.337,34.78333333333333,20.481,False,-6.400000000000002,-23.021582733812956
SABIC,Ministry of Interior,2025-01-22 17:00:00,43.5,20.648,34.7,20.478,38.31666666666667,22.56,34.28333333333333,20.484,True,8.799999999999997,20.229885057471257
SABIC,Al Muorabba,2025-01-22 08:00:00,27.5,22.854,34.2,21.822,25.116666666666667,20.079,36.85,21.803,False,-6.700000000000003,-24.363636363636374
SABIC,Al Muorabba,2025-01-22 17:00:00,42.15,21.71,34.7,21.819,41.03333333333333,22.819,36.35,21.806,True,7.449999999999996,17.67497034400948
SABIC,Passport Department,2025-01-22 08:00:00,31.283333333333335,25.445,43.3,22.408,26.716666666666665,20.678,37.8,22.405,False,-12.016666666666662,-38.4123601491742
SABIC,Passport Department,2025-01-22 17:00:00,46.25,22.51,43.8,22.405,43.266666666666666,23.417,37.3,22.402,True,2.450000000000003,5.297297297297304
SABIC,National Museum,2025-01-22 08:00:00,32.35,25.889,46.31666666666667,24.347,31.866666666666667,22.244,39.65,24.354,False,-13.966666666666669,-43.17362184441011
SABIC,National Museum,2025-01-22 17:00:00,48.25,24.445,46.81666666666667,24.344,45.25,22.244,39.65,24.354,True,1.43333333333333,2.9706390328151917
SABIC,Al Bat’ha,2025-01-22 08:00:00,32.3,26.823,48.13333333333333,25.313,33.0,28.62,41.63333333333333,25.302,False,-15.833333333333336,-49.019607843137265
SABIC,Al Bat’ha,2025-01-22 17:00:00,52.03333333333333,25.387,48.63333333333333,25.31,48.083333333333336,23.19,41.63333333333333,25.302,True,3.3999999999999986,6.534272901985903
SABIC,Al Owd,2025-01-22 08:00:00,33.56666666666667,33.972,53.38333333333333,27.014,39.1,24.226,45.333333333333336,26.887,False,-19.816666666666663,-59.0367428003972
SABIC,Al Owd,2025-01-22 17:00:00,55.666666666666664,27.835,53.88333333333333,27.011,50.083333333333336,24.226,44.833333333333336,26.884,True,1.7833333333333314,3.203592814371254
SABIC,Skirinah,2025-01-22 08:00:00,32.083333333333336,32.919,53.86666666666667,27.839,42.63333333333333,25.17,47.016666666666666,27.836,False,-21.78333333333333,-67.89610389610388
SABIC,Skirinah,2025-01-22 17:00:00,54.0,28.076,54.36666666666667,27.836,49.63333333333333,28.247,46.516666666666666,27.839,False,-0.36666666666666714,-0.6790123456790133
SABIC,Manfouhah,2025-01-22 08:00:00,32.0,30.884,55.53333333333333,28.687,45.35,33.225,48.666666666666664,28.685,False,-23.53333333333333,-73.54166666666666
SABIC,Manfouhah,2025-01-22 17:00:00,58.78333333333333,28.525,56.03333333333333,28.684,53.4,29.074,48.166666666666664,28.688,True,2.75,4.678196767791324
SABIC,Al Iman Hospital,2025-01-22 08:00:00,30.233333333333334,30.52,58.6,30.215,46.7,33.417,50.833333333333336,30.21,False,-28.366666666666667,-93.8257993384785
SABIC,Al Iman Hospital,2025-01-22 17:00:00,55.36666666666667,30.52,59.1,30.212,51.71666666666667,33.417,53.166666666666664,30.21,False,-3.7333333333333343,-6.742925948223963
SABIC,Transportation Center,2025-01-22 08:00:00,30.85,30.889,60.71666666666667,31.615,45.166666666666664,30.827,55.68333333333333,31.605,False,-29.866666666666667,-96.81253376553214
SABIC,Transportation Center,2025-01-22 17:00:00,55.733333333333334,30.889,61.21666666666667,31.612,50.15,30.827,55.18333333333333,31.602,False,-5.483333333333334,-9.838516746411486
SABIC,Al Aziziah,2025-01-22 08:00:00,30.8,31.061,60.71666666666667,34.389,45.95,32.258,58.85,34.379,False,-29.916666666666668,-97.13203463203463
SABIC,Al Aziziah,2025-01-22 17:00:00,54.65,31.061,61.21666666666667,34.386,52.9,32.258,58.35,34.382,False,-6.56666666666667,-12.01585849344313
SABIC,Ad Dar Al Baida,2025-01-22 08:00:00,38.266666666666666,35.155,68.06666666666666,37.811,56.483333333333334,38.349,62.983333333333334,37.804,False,-29.799999999999997,-77.87456445993031
SABIC,Ad Dar Al Baida,2025-01-22 17:00:00,66.51666666666667,35.155,68.56666666666666,37.808,59.06666666666667,35.434,61.983333333333334,37.804,False,-2.049999999999997,-3.081934352292654
SABIC,SAB Bank,2025-01-22 08:00:00,17.783333333333335,15.818,22.25,16.341,19.233333333333334,19.52,23.316666666666663,16.249,False,-4.466666666666665,-25.117150890346757
SABIC,SAB Bank,2025-01-22 17:00:00,21.716666666666665,27.372,22.75,16.338,28.566666666666663,19.52,22.816666666666663,16.246,False,-1.033333333333335,-4.758250191864935
SABIC,DR SULAIMAN AL HABIB,2025-01-22 08:00:00,19.333333333333332,14.241,20.4,14.146,15.2,18.25,23.316666666666663,14.04,False,-1.0666666666666664,-5.517241379310344
SABIC,DR SULAIMAN AL HABIB,2025-01-22 17:00:00,24.7,16.498,20.9,14.143,23.366666666666667,18.25,22.816666666666663,14.037,True,3.8000000000000007,15.384615384615389
SABIC,King Saud University,2025-01-22 08:00:00,23.716666666666665,21.285,41.916666666666664,27.212,19.583333333333332,17.922,30.316666666666663,18.695,False,-18.2,-76.73928320449754
SABIC,King Saud University,2025-01-22 17:00:00,29.45,21.285,41.416666666666664,27.212,40.61666666666667,17.922,40.833333333333336,27.395,False,-11.966666666666665,-40.63384267119411
SABIC,King Salman Oasis,2025-01-22 08:00:00,19.033333333333335,18.11,39.28333333333333,25.859,18.116666666666667,16.709,28.433333333333337,17.345,False,-20.249999999999996,-106.39229422066548
SABIC,King Salman Oasis,2025-01-22 17:00:00,25.4,17.468,38.78333333333333,25.859,40.45,20.343,26.933333333333337,17.342,False,-13.383333333333333,-52.69028871391076
SABIC,KACST,2025-01-22 08:00:00,18.916666666666668,16.405,37.666666666666664,24.795,20.183333333333337,19.058,26.583333333333332,16.29,False,-18.749999999999996,-99.1189427312775
SABIC,KACST,2025-01-22 17:00:00,24.733333333333334,16.405,37.166666666666664,24.795,44.05,19.058,25.75,16.29,False,-12.43333333333333,-50.26954177897572
SABIC,At Takhassussi,2025-01-22 08:00:00,18.483333333333334,15.703,37.18333333333333,24.076,15.666666666666666,17.733,34.88333333333333,24.257,False,-18.699999999999996,-101.17222723174028
SABIC,At Takhassussi,2025-01-22 17:00:00,25.416666666666668,15.577,36.68333333333333,24.076,30.383333333333333,17.733,24.2,15.56,False,-11.266666666666662,-44.327868852459
SABIC,stc,2025-01-22 08:00:00,17.35,15.357,31.9,14.464,14.633333333333333,16.549,27.383333333333333,14.388,False,-14.549999999999997,-83.8616714697406
SABIC,stc,2025-01-22 17:00:00,22.416666666666668,14.448,33.63333333333333,22.834,30.35,16.549,26.883333333333333,14.385,False,-11.216666666666665,-50.03717472118958
SABIC,Al Wurud,2025-01-22 08:00:00,16.133333333333333,14.089,31.933333333333337,21.569,15.933333333333334,17.816,30.7,21.759,False,-15.800000000000004,-97.93388429752069
SABIC,Al Wurud,2025-01-22 17:00:00,20.033333333333335,13.18,31.433333333333337,21.569,26.883333333333333,17.868,25.566666666666663,15.652,False,-11.400000000000002,-56.905158069883534
SABIC,King Abdulaziz Road,2025-01-22 08:00:00,15.266666666666667,13.179,30.133333333333333,20.649,13.316666666666666,11.511,29.983333333333334,12.094,False,-14.866666666666665,-97.37991266375545
SABIC,King Abdulaziz Road,2025-01-22 17:00:00,18.983333333333334,12.27,29.633333333333333,20.649,20.533333333333335,11.475,31.616666666666667,20.82,False,-10.649999999999999,-56.101843722563636
SABIC,Riyadh Exhibition Center,2025-01-22 08:00:00,16.116666666666667,13.831,26.416666666666668,8.613,11.566666666666666,10.476,23.416666666666668,16.177,False,-10.3,-63.90899689762152
SABIC,Riyadh Exhibition Center,2025-01-22 17:00:00,20.483333333333334,13.831,22.65,15.992,14.65,10.476,24.75,16.177,False,-2.1666666666666643,-10.577705451586644
SABIC,An Nuzhah,2025-01-22 08:00:00,12.633333333333333,9.26,25.5,17.648,15.616666666666667,12.925,25.733333333333334,17.839,False,-12.866666666666667,-101.84696569920845
SABIC,An Nuzhah,2025-01-22 17:00:00,15.15,9.26,25.0,17.648,24.233333333333334,12.925,27.066666666666663,17.839,False,-9.85,-65.01650165016501
SABIC,Khalid Bin Alwaleed Road,2025-01-22 08:00:00,12.083333333333334,9.688,19.2,12.435,12.3,10.124,20.833333333333332,12.654,False,-7.116666666666665,-58.896551724137915
SABIC,Khalid Bin Alwaleed Road,2025-01-22 17:00:00,19.783333333333335,8.584,18.7,12.435,12.983333333333333,10.124,20.0,12.654,True,1.0833333333333357,5.475989890480213
SABIC,Al Khaleej,2025-01-22 08:00:00,16.2,13.592,21.583333333333332,12.407,16.233333333333334,14.079,18.616666666666667,12.43,False,-5.383333333333333,-33.230452674897116
SABIC,Al Khaleej,2025-01-22 17:00:00,22.483333333333334,13.592,21.083333333333332,12.407,16.083333333333332,14.079,17.783333333333335,12.43,True,1.4000000000000021,6.226834692364724
SABIC,Ishbiliyah,2025-01-22 08:00:00,14.133333333333333,15.718,23.0,14.419,17.75,16.09,21.283333333333335,14.442,False,-8.866666666666667,-62.735849056603776
SABIC,Ishbiliyah,2025-01-22 17:00:00,21.983333333333334,15.718,22.5,14.419,17.55,16.09,20.45,14.442,False,-0.5166666666666657,-2.3502653525397985
SABIC,King Fahad Sport City,2025-01-22 08:00:00,17.283333333333335,22.816,26.733333333333334,17.795,19.666666666666668,19.178,28.166666666666668,17.797,False,-9.45,-54.67695274831244
SABIC,King Fahad Sport City,2025-01-22 17:00:00,24.016666666666666,22.816,26.233333333333334,17.795,23.416666666666668,19.178,26.0,17.797,False,-2.2166666666666686,-9.229701596113818
SABIC,Jeddah Road,2025-01-22 08:00:00,31.533333333333335,36.741,84.18333333333334,58.001,42.3,40.204,86.0,56.568,False,-52.650000000000006,-166.9661733615222
SABIC,Jeddah Road,2025-01-22 17:00:00,54.28333333333333,36.741,87.01666666666667,58.001,56.516666666666666,40.204,83.16666666666667,56.568,False,-32.733333333333334,-60.300890389929386
SABIC,Tuwaiq,2025-01-22 08:00:00,33.266666666666666,38.563,80.86666666666666,55.535,38.95,40.218,82.71666666666667,54.098,False,-47.599999999999994,-143.08617234468937
SABIC,Tuwaiq,2025-01-22 17:00:00,61.95,38.563,83.7,55.535,52.03333333333333,40.218,79.88333333333334,54.098,False,-21.75,-35.1089588377724
SABIC,Ad Douh,2025-01-22 08:00:00,32.416666666666664,36.826,77.0,52.423,40.65,38.686,82.83333333333333,51.581,False,-44.583333333333336,-137.53213367609257
SABIC,Ad Douh,2025-01-22 17:00:00,60.8,36.826,79.83333333333333,52.423,52.81666666666667,38.686,84.16666666666667,51.581,False,-19.03333333333333,-31.304824561403503
SABIC,Western Station,2025-01-22 08:00:00,31.75,38.553,116.98333333333332,42.441,39.86666666666667,40.516,104.86666666666666,40.74,False,-85.23333333333332,-268.45144356955376
SABIC,Western Station,2025-01-22 17:00:00,59.7,38.553,117.98333333333332,42.444,53.46666666666667,40.516,106.11666666666666,40.74,False,-58.28333333333332,-97.62702400893353
SABIC,Aishah bint Abi Bakr Street,2025-01-22 08:00:00,37.983333333333334,42.191,95.1,34.827,40.7,39.574,84.28333333333333,43.869,False,-57.11666666666666,-150.37297060114082
SABIC,Aishah bint Abi Bakr Street,2025-01-22 17:00:00,59.166666666666664,38.022,96.1,34.824,60.583333333333336,43.605,81.45,43.869,False,-36.93333333333333,-62.42253521126761
SABIC,Sultanah,2025-01-22 08:00:00,36.733333333333334,29.877,91.86666666666666,32.427,43.13333333333333,31.28,60.8,39.077,False,-55.133333333333326,-150.09074410163336
SABIC,Al Jarradiyah,2025-01-22 08:00:00,33.03333333333333,28.152,60.733333333333334,39.313,39.65,30.067,58.18333333333333,37.903,False,-27.700000000000003,-83.85469223007065
SABIC,Al Jarradiyah,2025-01-22 17:00:00,63.03333333333333,28.152,63.56666666666667,39.313,51.21666666666667,27.047,60.85,37.903,False,-0.5333333333333385,-0.8461131676361797
SABIC,Dhahrat Al Badiah,2025-01-22 08:00:00,40.15,38.45,66.56666666666666,44.097,50.083333333333336,34.154,65.45,42.634,False,-26.416666666666664,-65.79493565794935
SABIC,Dhahrat Al Badiah,2025-01-22 17:00:00,57.93333333333333,38.45,69.4,44.097,55.36666666666667,30.52,66.28333333333333,42.634,False,-11.466666666666676,-19.79286536248563
SABIC,Courts Complex,2025-01-22 08:00:00,34.06666666666667,28.055,66.71666666666667,26.659,38.31666666666667,29.852,55.21666666666667,36.117,False,-32.65,-95.84148727984343
SABIC,Courts Complex,2025-01-22 17:00:00,64.16666666666667,28.055,67.21666666666667,26.656,49.81666666666667,25.701,58.21666666666667,36.117,False,-3.049999999999997,-4.753246753246748
SABIC,Qasr Al Hokm,2025-01-22 08:00:00,35.63333333333333,28.467,64.9,27.854,36.916666666666664,23.775,57.68333333333333,27.724,False,-29.266666666666673,-82.132834424696
SABIC,Qasr Al Hokm,2025-01-22 17:00:00,66.25,28.392,65.4,27.851,47.96666666666667,23.775,57.18333333333333,27.727,True,0.8499999999999943,1.2830188679245198
SABIC,Al Hilla,2025-01-22 08:00:00,34.43333333333333,27.7,63.31666666666667,27.725,38.25,23.815,51.86666666666667,34.967,False,-28.88333333333334,-83.88189738625366
SABIC,Al Hilla,2025-01-22 17:00:00,55.85,27.7,63.81666666666667,27.722,47.983333333333334,23.815,54.86666666666667,34.967,False,-7.966666666666669,-14.26439868695912
SABIC,Al Margab,2025-01-22 08:00:00,35.95,28.216,70.3,28.241,36.416666666666664,23.299,58.88333333333333,35.49,False,-34.349999999999994,-95.5493741307371
SABIC,Al Margab,2025-01-22 17:00:00,57.016666666666666,28.216,70.8,28.238,48.53333333333333,23.299,61.55,35.49,False,-13.783333333333331,-24.174218064893303
SABIC,As Salhiyah,2025-01-22 08:00:00,29.1,24.855,72.78333333333333,27.37,33.86666666666667,23.1,69.46666666666667,34.8,False,-43.68333333333333,-150.11454753722793
SABIC,As Salhiyah,2025-01-22 17:00:00,49.2,24.855,78.88333333333334,27.48,47.65,23.1,71.7,36.266,False,-29.683333333333337,-60.3319783197832
SABIC,First Industrial City,2025-01-22 08:00:00,29.283333333333335,24.23,52.083333333333336,34.13,30.033333333333335,22.22,51.016666666666666,32.558,False,-22.8,-77.85998861696073
SABIC,First Industrial City,2025-01-22 17:00:00,44.93333333333333,24.23,54.916666666666664,34.13,46.266666666666666,22.22,49.85,32.558,False,-9.983333333333334,-22.21810089020772
SABIC,Railway,2025-01-22 08:00:00,27.833333333333332,23.271,51.53333333333333,34.635,30.283333333333335,22.821,47.81666666666667,32.007,False,-23.7,-85.1497005988024
SABIC,Railway,2025-01-22 17:00:00,43.36666666666667,23.271,54.36666666666667,34.635,43.65,25.605,48.483333333333334,32.007,False,-11.0,-25.36510376633359
SABIC,Al Malaz,2025-01-22 08:00:00,27.733333333333334,22.82,63.5,25.569,27.566666666666663,21.671,73.21666666666667,24.336,False,-35.766666666666666,-128.96634615384613
SABIC,Al Malaz,2025-01-22 17:00:00,41.63333333333333,22.82,72.66666666666667,25.569,42.333333333333336,22.181,71.55,24.336,False,-31.03333333333334,-74.5396317053643
SABIC,Jarir District,2025-01-22 08:00:00,20.983333333333334,17.984,89.4,28.434,24.016666666666666,19.576,97.38333333333334,27.141,False,-68.41666666666667,-326.0524225575854
SABIC,Jarir District,2025-01-22 17:00:00,31.166666666666668,17.984,97.75,26.849,34.53333333333333,19.576,95.55,27.154,False,-66.58333333333333,-213.63636363636363
SABIC,Al Rajhi Grand Mosque,2025-01-22 08:00:00,20.7,17.333,62.71666666666667,27.754,20.366666666666667,17.894,57.916666666666664,26.312,False,-42.016666666666666,-202.9790660225443
SABIC,Al Rajhi Grand Mosque,2025-01-22 17:00:00,30.466666666666665,17.333,65.55,27.754,30.883333333333333,17.894,60.583333333333336,26.312,False,-35.08333333333333,-115.15317286652078
SABIC,Harun ar Rashid Road,2025-01-22 08:00:00,23.9,19.842,37.4,25.997,22.716666666666665,19.718,36.68333333333333,24.524,False,-13.5,-56.485355648535574
SABIC,Harun ar Rashid Road,2025-01-22 17:00:00,35.11666666666667,19.842,40.233333333333334,25.997,33.06666666666667,19.718,38.71666666666667,24.524,False,-5.116666666666667,-14.570479354532512
SABIC,Hassan Bin Thabit Street,2025-01-22 08:00:00,25.833333333333332,23.148,75.75,22.155,30.166666666666668,25.741,78.71666666666667,25.826,False,-49.91666666666667,-193.22580645161293
SABIC,Hassan Bin Thabit Street,2025-01-22 17:00:00,37.53333333333333,27.148,73.91666666666667,22.155,42.36666666666667,25.741,75.21666666666667,24.494,False,-36.38333333333334,-96.93605683836593
SABIC,Khashm Al An,2025-01-22 08:00:00,23.133333333333333,24.906,95.85,23.663,30.316666666666663,28.217,91.75,24.859,False,-72.71666666666667,-314.3371757925072
SABIC,Khashm Al An,2025-01-22 17:00:00,32.4,24.906,94.01666666666668,23.663,40.88333333333333,28.217,101.58333333333331,27.334,False,-61.61666666666668,-190.1748971193416
SABIC,KAFD,2025-01-22 08:00:00,18.466666666666665,15.857,12.55,8.697,15.25,14.541,11.933333333333334,8.684,True,5.916666666666664,32.039711191335726
SABIC,KAFD,2025-01-22 17:00:00,20.45,15.857,12.75,8.683,26.483333333333334,14.541,12.066666666666666,8.698,True,7.699999999999999,37.65281173594131
SABIC,ar Rabi,2025-01-22 08:00:00,15.483333333333333,11.652,6.633333333333334,5.515,13.75,9.486,7.75,5.508,True,8.849999999999998,57.158234660925714
SABIC,ar Rabi,2025-01-22 17:00:00,16.766666666666666,11.652,6.633333333333334,5.507,19.566666666666663,9.486,7.75,5.516,True,10.133333333333333,60.43737574552684
SABIC,Uthman Bin Affan Road,2025-01-22 08:00:00,7.266666666666667,5.424,2.3,1.498,1.4666666666666666,1.493,3.4166666666666665,1.498,True,4.966666666666667,68.34862385321101
SABIC,Uthman Bin Affan Road,2025-01-22 17:00:00,8.633333333333333,5.424,2.3,1.515,1.9166666666666667,1.493,3.4166666666666665,1.516,True,6.333333333333333,73.35907335907336
SABIC,PNU 1,2025-01-22 08:00:00,12.083333333333334,13.004,5.916666666666667,4.364,9.3,8.049,5.516666666666667,4.364,True,6.166666666666667,51.03448275862069
SABIC,PNU 1,2025-01-22 17:00:00,14.2,13.004,5.916666666666667,4.364,13.45,8.049,5.516666666666667,4.364,True,8.283333333333331,58.33333333333333
SABIC,PNU 2,2025-01-22 08:00:00,13.55,13.583,9.233333333333333,6.786,9.966666666666669,12.243,8.9,6.782,True,4.316666666666668,31.85731857318574
SABIC,PNU 2,2025-01-22 17:00:00,13.75,13.583,9.233333333333333,6.786,15.5,12.243,8.9,6.782,True,4.5166666666666675,32.84848484848485
SABIC,Airport T5,2025-01-22 08:00:00,13.983333333333333,18.054,19.983333333333334,17.792,15.433333333333334,19.697,19.4,17.795,False,-6.000000000000002,-42.90822407628131
SABIC,Airport T5,2025-01-22 17:00:00,15.4,18.054,19.983333333333334,17.792,22.45,19.697,19.4,17.795,False,-4.583333333333334,-29.761904761904766
SABIC,Airport T3-4,2025-01-22 08:00:00,15.9,20.33,22.55,19.691,14.0,19.969,22.2,19.689,False,-6.65,-41.82389937106918
SABIC,Airport T3-4,2025-01-22 17:00:00,17.333333333333332,20.33,22.55,19.691,20.666666666666668,19.969,22.2,19.689,False,-5.216666666666669,-30.09615384615386
SABIC,Airport T1-2,2025-01-22 08:00:00,17.533333333333335,21.649,25.216666666666665,20.319,16.216666666666665,22.359,23.783333333333335,20.317,False,-7.68333333333333,-43.82129277566538
SABIC,Airport T1-2,2025-01-22 17:00:00,19.116666666666667,21.649,27.166666666666668,20.319,22.833333333333332,22.359,23.783333333333335,20.317,False,-8.05,-42.10985178727115
SABIC,King Abdulaziz Hospital,2025-01-22 08:00:00,29.316666666666663,21.838,50.7,26.091,26.183333333333337,19.801,43.63333333333333,26.117,False,-21.38333333333334,-72.93916998294489
SABIC,King Abdulaziz Hospital,2025-01-22 17:00:00,40.05,21.838,50.38333333333333,26.088,41.71666666666667,19.801,44.78333333333333,26.117,False,-10.333333333333336,-25.801081980857273
SABIC,Al Wizarat,2025-01-22 08:00:00,25.5,21.326,54.05,27.91,23.316666666666663,17.979,49.166666666666664,27.933,False,-28.549999999999997,-111.96078431372547
SABIC,Al Wizarat,2025-01-22 17:00:00,33.38333333333333,20.355,53.733333333333334,27.907,38.11666666666667,17.979,51.15,27.93,False,-20.35,-60.95856215676486
SABIC,Ministry of Defence,2025-01-22 08:00:00,26.983333333333334,22.219,52.38333333333333,27.019,24.55,19.08,45.833333333333336,27.041,False,-25.4,-94.13218035824582
SABIC,Ministry of Defence,2025-01-22 17:00:00,37.46666666666667,20.911,52.06666666666667,27.016,39.86666666666667,19.08,46.983333333333334,27.041,False,-14.600000000000001,-38.967971530249116
SABIC,Ministry of Finance,2025-01-22 08:00:00,29.166666666666668,23.267,48.9,25.237,27.683333333333337,21.2,42.0,25.258,False,-19.73333333333333,-67.65714285714284
SABIC,Ministry of Finance,2025-01-22 17:00:00,42.93333333333333,23.267,48.583333333333336,25.234,44.05,21.2,43.15,25.258,False,-5.650000000000006,-13.159937888198773
SABIC,GOSI,2025-01-22 08:00:00,22.766666666666666,19.384,55.916666666666664,29.052,19.95,16.839,51.03333333333333,29.066,False,-33.15,-145.60761346998535
SABIC,GOSI,2025-01-22 17:00:00,30.466666666666665,19.384,48.5,29.515,32.166666666666664,19.651,53.016666666666666,29.063,False,-18.033333333333335,-59.19037199124727
SABIC,Officers Club,2025-01-22 08:00:00,23.083333333333332,18.656,57.88333333333333,30.344,21.166666666666668,18.077,54.7,30.363,False,-34.8,-150.7581227436823
SABIC,Officers Club,2025-01-22 17:00:00,30.05,18.656,46.5,28.224,36.233333333333334,18.077,55.016666666666666,30.36,False,-16.45,-54.742096505823625
SABIC,Abu Dhabi square,2025-01-22 08:00:00,21.516666666666666,17.847,39.55,18.813,19.783333333333335,17.349,46.083333333333336,17.26,False,-18.03333333333333,-83.81099922540666
SABIC,Abu Dhabi square,2025-01-22 17:00:00,30.033333333333335,17.847,46.7,18.813,34.1,19.812,46.4,17.26,False,-16.666666666666668,-55.49389567147613
SABIC,Ad Dhabab,2025-01-22 08:00:00,21.983333333333334,17.951,43.733333333333334,18.464,16.0,15.948,45.7,16.348,False,-21.75,-98.93858984078847
SABIC,Ad Dhabab,2025-01-22 17:00:00,31.383333333333333,17.951,42.71666666666667,26.277,30.7,18.487,41.86666666666667,16.348,False,-11.333333333333336,-36.11258629845992
SABIC,As Sulimaniyah,2025-01-22 08:00:00,20.366666666666667,16.783,37.93333333333333,21.361,15.533333333333331,15.14,45.21666666666667,15.226,False,-17.566666666666663,-86.25204582651389
SABIC,As Sulimaniyah,2025-01-22 17:00:00,29.033333333333335,16.783,41.13333333333333,25.479,28.25,17.679,41.71666666666667,15.226,False,-12.099999999999998,-41.67623421354764
SABIC,King Salman Park,2025-01-22 08:00:00,18.633333333333333,14.443,35.166666666666664,19.226,16.033333333333335,14.808,49.166666666666664,19.309,False,-16.53333333333333,-88.7298747763864
SABIC,King Salman Park,2025-01-22 17:00:00,23.233333333333334,14.443,38.36666666666667,23.344,28.283333333333335,14.808,34.05,23.083,False,-15.133333333333333,-65.13629842180775
SABIC,Ministry of Education,2025-01-22 08:00:00,18.966666666666665,12.909,31.566666666666663,17.574,15.65,12.142,28.266666666666666,19.8,False,-12.599999999999998,-66.4323374340949
SABIC,Ministry of Education,2025-01-22 17:00:00,22.183333333333337,12.909,33.75,21.689,22.75,12.107,29.6,19.8,False,-11.566666666666663,-52.14124718256947
SABIC,Granadia,2025-01-22 08:00:00,8.9,6.022,5.866666666666666,3.75,11.65,9.058,6.033333333333333,3.75,True,3.033333333333334,34.08239700374532
SABIC,Granadia,2025-01-22 17:00:00,11.716666666666669,6.022,5.866666666666666,3.75,13.166666666666666,9.058,6.033333333333333,3.75,True,5.850000000000002,49.92887624466573
SABIC,Al Yarmuk,2025-01-22 08:00:00,13.133333333333333,8.458,11.066666666666666,8.373,12.716666666666669,9.868,11.233333333333333,8.373,True,2.0666666666666664,15.736040609137056
SABIC,Al Yarmuk,2025-01-22 17:00:00,17.533333333333335,8.458,11.066666666666666,8.373,12.4,9.868,11.233333333333333,8.373,True,6.466666666666669,36.88212927756655
SABIC,Al Hamra,2025-01-22 08:00:00,15.316666666666666,10.817,14.116666666666667,10.369,16.4,13.041,13.85,10.384,True,1.1999999999999993,7.834602829162128
SABIC,Al Hamra,2025-01-22 17:00:00,21.316666666666663,10.817,14.116666666666667,10.369,16.966666666666665,13.041,13.85,10.384,True,7.199999999999996,33.77638780297106
SABIC,Al Andalus,2025-01-22 08:00:00,18.516666666666666,14.286,17.916666666666668,12.942,22.533333333333335,16.593,17.8,12.955,True,0.5999999999999979,3.2403240324032287
SABIC,Al Andalus,2025-01-22 17:00:00,28.566666666666663,14.286,17.916666666666668,12.942,25.716666666666665,16.593,17.8,12.955,True,10.649999999999995,37.28121353558925
SABIC,Khurais Road,2025-01-22 08:00:00,20.95,17.907,21.283333333333335,15.02,23.616666666666667,19.234,21.05,15.034,False,-0.3333333333333357,-1.5910898965791682
SABIC,Khurais Road,2025-01-22 17:00:00,32.43333333333333,17.907,21.283333333333335,15.02,27.816666666666663,19.234,21.05,15.034,True,11.149999999999995,34.3782117163412
SABIC,As Salam,2025-01-22 08:00:00,25.116666666666667,20.252,24.633333333333333,17.396,25.916666666666668,20.611,24.466666666666665,17.41,True,0.4833333333333343,1.924353019243534
SABIC,As Salam,2025-01-22 17:00:00,39.05,20.252,24.633333333333333,17.396,31.05,20.611,24.466666666666665,17.41,True,14.416666666666664,36.9184805804524
SABIC,An Naseem,2025-01-22 08:00:00,25.466666666666665,22.023,29.0,20.351,29.25,23.582,28.0,20.334,False,-3.533333333333335,-13.874345549738226
SABIC,An Naseem,2025-01-22 17:00:00,40.733333333333334,22.023,29.0,20.351,35.55,23.586,28.0,20.334,True,11.733333333333334,28.805237315875615
PNU 1,Al Murooj,2025-01-22 08:00:00,22.15,19.714,23.95,15.034,19.4,22.728,23.066666666666663,15.037,False,-1.8000000000000007,-8.12641083521445
PNU 1,Al Murooj,2025-01-22 17:00:00,28.55,19.714,23.95,15.034,28.616666666666667,22.728,23.066666666666663,15.037,True,4.600000000000001,16.11208406304729
PNU 1,King Fahad District,2025-01-22 08:00:00,22.766666666666666,19.482,23.95,16.163,21.666666666666668,25.135,24.95,16.179,False,-1.1833333333333336,-5.19765739385066
PNU 1,King Fahad District,2025-01-22 17:00:00,29.333333333333332,19.404,23.95,16.163,38.03333333333333,27.092,24.95,16.179,True,5.383333333333333,18.352272727272727
PNU 1,King Fahad District 2,2025-01-22 08:00:00,25.05,21.552,30.616666666666667,17.23,21.45,20.359,26.733333333333334,17.231,False,-5.566666666666666,-22.22222222222222
PNU 1,King Fahad District 2,2025-01-22 17:00:00,32.11666666666667,20.715,30.616666666666667,17.23,37.03333333333333,25.43,25.733333333333334,17.231,True,1.5,4.670472236637259
PNU 1,Al Wurud 2,2025-01-22 08:00:00,25.733333333333334,21.688,34.8,19.146,22.95,27.485,29.466666666666665,19.138,False,-9.066666666666663,-35.23316062176164
PNU 1,Al Wurud 2,2025-01-22 17:00:00,36.13333333333333,21.688,34.8,19.146,40.85,27.485,29.466666666666665,19.138,True,1.3333333333333357,3.6900369003690106
PNU 1,Al Urubah,2025-01-22 08:00:00,27.216666666666665,22.557,37.266666666666666,20.144,24.033333333333335,28.273,31.116666666666667,20.008,False,-10.05,-36.92590324556032
PNU 1,Al Urubah,2025-01-22 17:00:00,39.0,22.557,37.266666666666666,20.144,43.93333333333333,28.273,31.116666666666667,20.008,True,1.7333333333333343,4.444444444444446
PNU 1,Alinma Bank,2025-01-22 08:00:00,30.566666666666663,24.53,39.3,21.343,27.1,30.283,33.233333333333334,21.343,False,-8.733333333333334,-28.571428571428577
PNU 1,Alinma Bank,2025-01-22 17:00:00,44.85,23.894,39.3,21.343,49.5,30.283,35.56666666666667,21.343,True,5.550000000000004,12.374581939799342
PNU 1,Bank Albilad,2025-01-22 08:00:00,33.05,25.51,44.21666666666667,22.412,28.016666666666666,31.079,40.2,22.321,False,-11.166666666666671,-33.78719112455877
PNU 1,Bank Albilad,2025-01-22 17:00:00,47.25,25.532,44.21666666666667,22.412,51.43333333333333,27.546,39.2,22.321,True,3.0333333333333314,6.41975308641975
PNU 1,King Fahad Library,2025-01-22 08:00:00,32.583333333333336,26.694,41.516666666666666,22.954,28.483333333333334,31.119,38.7,22.905,False,-8.93333333333333,-27.416879795396408
PNU 1,King Fahad Library,2025-01-22 17:00:00,49.36666666666667,26.289,41.516666666666666,22.954,51.88333333333333,27.586,37.7,22.905,True,7.850000000000001,15.901417960837275
PNU 1,Ministry of Interior,2025-01-22 08:00:00,32.46666666666667,28.206,41.21666666666667,24.837,29.716666666666665,32.921,40.2,24.838,False,-8.75,-26.95071868583162
PNU 1,Ministry of Interior,2025-01-22 17:00:00,54.15,27.062,41.21666666666667,24.837,47.833333333333336,32.144,40.2,24.838,True,12.93333333333333,23.88427208371806
PNU 1,Al Muorabba,2025-01-22 08:00:00,36.38333333333333,28.124,41.21666666666667,26.178,32.65,28.682,42.266666666666666,26.16,False,-4.833333333333336,-13.284470911589564
PNU 1,Al Muorabba,2025-01-22 17:00:00,53.31666666666667,28.124,41.21666666666667,26.178,48.38333333333333,32.402,42.266666666666666,26.16,True,12.100000000000001,22.694592060018756
PNU 1,Passport Department,2025-01-22 08:00:00,38.36666666666667,28.923,50.31666666666667,26.764,34.083333333333336,34.917,43.71666666666667,26.759,False,-11.950000000000003,-31.146828844483064
PNU 1,Passport Department,2025-01-22 17:00:00,56.483333333333334,28.923,50.31666666666667,26.764,53.833333333333336,29.28,42.71666666666667,26.759,True,6.166666666666664,10.917674830333429
PNU 1,National Museum,2025-01-22 08:00:00,39.03333333333333,32.302,53.333333333333336,28.703,38.833333333333336,37.303,45.56666666666667,28.708,False,-14.300000000000004,-36.63535439795048
PNU 1,National Museum,2025-01-22 17:00:00,59.416666666666664,30.859,53.333333333333336,28.703,53.55,30.846,45.56666666666667,28.708,True,6.083333333333329,10.238429172510513
PNU 1,Al Bat’ha,2025-01-22 08:00:00,39.18333333333333,33.236,55.15,29.669,40.43333333333333,38.204,47.55,29.656,False,-15.966666666666669,-40.74861760952787
PNU 1,Al Bat’ha,2025-01-22 17:00:00,63.833333333333336,31.801,55.15,29.669,56.28333333333333,33.072,47.55,29.656,True,8.683333333333337,13.603133159268936
PNU 1,Al Owd,2025-01-22 08:00:00,38.61666666666667,40.385,60.4,31.37,48.96666666666667,32.828,51.25,31.241,False,-21.78333333333333,-56.409149762624075
PNU 1,Al Owd,2025-01-22 17:00:00,69.18333333333334,34.249,60.4,31.37,55.56666666666667,32.828,50.25,31.241,True,8.783333333333339,12.695735967236818
PNU 1,Skirinah,2025-01-22 08:00:00,37.03333333333333,39.333,60.88333333333333,32.195,51.9,33.772,52.43333333333333,32.193,False,-23.85,-64.40144014401442
PNU 1,Skirinah,2025-01-22 17:00:00,69.95,39.333,60.88333333333333,32.195,57.63333333333333,33.772,52.43333333333333,32.193,True,9.06666666666667,12.961639266142486
PNU 1,Manfouhah,2025-01-22 08:00:00,36.483333333333334,37.297,62.55,33.043,51.45,42.808,54.083333333333336,33.042,False,-26.066666666666663,-71.44814984010964
PNU 1,Manfouhah,2025-01-22 17:00:00,69.33333333333333,34.938,62.55,33.043,62.43333333333333,44.174,54.083333333333336,33.042,True,6.783333333333331,9.783653846153845
PNU 1,Al Iman Hospital,2025-01-22 08:00:00,34.95,36.934,65.61666666666666,34.571,49.18333333333333,36.104,56.75,34.564,False,-30.666666666666657,-87.74439675727226
PNU 1,Al Iman Hospital,2025-01-22 17:00:00,65.66666666666667,36.934,65.61666666666666,34.571,60.15,43.001,59.083333333333336,34.564,True,0.05000000000001137,0.07614213197971273
PNU 1,Transportation Center,2025-01-22 08:00:00,35.65,37.303,67.73333333333333,35.971,56.333333333333336,40.411,61.6,35.959,False,-32.083333333333336,-89.99532491818609
PNU 1,Transportation Center,2025-01-22 17:00:00,66.35,37.303,67.73333333333333,35.971,57.983333333333334,40.411,60.6,35.959,False,-1.38333333333334,-2.084903290630505
PNU 1,Al Aziziah,2025-01-22 08:00:00,35.56666666666667,37.474,67.73333333333333,38.745,51.85,41.841,64.26666666666667,38.736,False,-32.166666666666664,-90.44048734770382
PNU 1,Al Aziziah,2025-01-22 17:00:00,65.7,37.474,67.73333333333333,38.745,62.233333333333334,41.841,64.26666666666667,38.736,False,-2.0333333333333314,-3.0948756976154206
PNU 1,Ad Dar Al Baida,2025-01-22 08:00:00,43.7,41.568,75.08333333333333,42.167,60.483333333333334,47.932,68.9,42.158,False,-31.383333333333326,-71.81540808543095
PNU 1,Ad Dar Al Baida,2025-01-22 17:00:00,72.51666666666667,41.568,75.08333333333333,42.167,65.6,45.017,67.9,42.158,False,-2.566666666666663,-3.539416226154902
PNU 1,SAB Bank,2025-01-22 08:00:00,16.333333333333332,12.955,25.933333333333337,20.697,17.966666666666665,19.478,29.233333333333334,20.603,False,-9.600000000000005,-58.77551020408167
PNU 1,SAB Bank,2025-01-22 17:00:00,19.9,12.907,25.933333333333337,20.697,21.833333333333332,19.478,28.233333333333334,20.603,False,-6.0333333333333385,-30.318257956448942
PNU 1,DR SULAIMAN AL HABIB,2025-01-22 08:00:00,14.966666666666669,11.353,24.083333333333332,18.502,14.333333333333334,18.202,29.233333333333334,18.394,False,-9.116666666666664,-60.91314031180398
PNU 1,DR SULAIMAN AL HABIB,2025-01-22 17:00:00,19.783333333333335,11.353,24.083333333333332,18.502,17.616666666666667,18.202,28.233333333333334,18.394,False,-4.299999999999997,-21.735467565290634
PNU 1,King Saud University,2025-01-22 08:00:00,28.6,24.763,43.25,23.202,25.033333333333335,24.562,39.06666666666667,23.052,False,-14.649999999999999,-51.22377622377622
PNU 1,King Saud University,2025-01-22 17:00:00,40.56666666666667,26.973,40.583333333333336,23.202,44.483333333333334,36.285,40.4,23.052,False,-0.01666666666666572,-0.041084634346751976
PNU 1,King Salman Oasis,2025-01-22 08:00:00,24.066666666666663,21.672,40.61666666666667,21.849,22.95,23.172,34.35,21.699,False,-16.550000000000004,-68.76731301939061
PNU 1,King Salman Oasis,2025-01-22 17:00:00,36.11666666666667,21.672,37.95,21.849,42.43333333333333,23.172,35.68333333333333,21.699,False,-1.8333333333333357,-5.076142131979702
PNU 1,KACST,2025-01-22 08:00:00,23.65,20.609,39.0,20.784,25.2,25.521,32.5,20.644,False,-15.350000000000001,-64.9048625792812
PNU 1,KACST,2025-01-22 17:00:00,34.53333333333333,20.609,36.333333333333336,20.784,44.9,37.361,31.666666666666668,20.644,False,-1.8000000000000043,-5.212355212355225
PNU 1,At Takhassussi,2025-01-22 08:00:00,24.95,20.721,38.516666666666666,20.065,19.866666666666667,21.402,30.95,19.914,False,-13.566666666666666,-54.37541750167001
PNU 1,At Takhassussi,2025-01-22 17:00:00,36.28333333333333,21.99,35.85,20.065,32.95,21.402,30.116666666666667,19.914,True,0.43333333333333,1.1943040881947542
PNU 1,stc,2025-01-22 08:00:00,23.433333333333337,20.861,38.916666666666664,18.82,21.716666666666665,22.611,33.3,18.742,False,-15.483333333333327,-66.07396870554761
PNU 1,stc,2025-01-22 17:00:00,32.9,20.861,38.916666666666664,18.82,36.86666666666667,22.611,35.63333333333333,18.742,False,-6.016666666666666,-18.28774062816616
PNU 1,Al Wurud,2025-01-22 08:00:00,22.533333333333335,19.593,35.31666666666667,19.974,22.316666666666663,23.879,32.31666666666667,20.006,False,-12.783333333333335,-56.730769230769226
PNU 1,Al Wurud,2025-01-22 17:00:00,30.3,19.593,41.1,25.933,36.18333333333333,27.452,31.483333333333334,20.006,False,-10.8,-35.64356435643565
PNU 1,King Abdulaziz Road,2025-01-22 08:00:00,21.65,18.684,39.016666666666666,18.241,21.233333333333334,20.113,38.733333333333334,16.461,False,-17.366666666666667,-80.21555042340263
PNU 1,King Abdulaziz Road,2025-01-22 17:00:00,29.283333333333335,18.684,39.3,25.013,30.266666666666666,24.732,35.45,20.924,False,-10.016666666666662,-34.20603301081387
PNU 1,Riyadh Exhibition Center,2025-01-22 08:00:00,21.233333333333334,18.63,32.766666666666666,12.969,18.483333333333334,20.06,34.31666666666667,20.541,False,-11.533333333333331,-54.317111459968594
PNU 1,Riyadh Exhibition Center,2025-01-22 17:00:00,31.983333333333334,19.335,33.6,12.969,23.033333333333335,20.06,35.65,20.541,False,-1.6166666666666671,-5.054715997915583
PNU 1,An Nuzhah,2025-01-22 08:00:00,18.366666666666667,15.673,37.333333333333336,22.012,24.033333333333335,26.84,36.63333333333333,22.203,False,-18.96666666666667,-103.2667876588022
PNU 1,An Nuzhah,2025-01-22 17:00:00,26.666666666666668,15.673,34.666666666666664,22.012,32.833333333333336,21.528,37.96666666666667,22.203,False,-7.9999999999999964,-29.99999999999999
PNU 1,Khalid Bin Alwaleed Road,2025-01-22 08:00:00,17.05,16.101,31.033333333333335,16.799,19.166666666666668,19.708,31.733333333333334,17.018,False,-13.983333333333334,-82.01368523949169
PNU 1,Khalid Bin Alwaleed Road,2025-01-22 17:00:00,29.466666666666665,16.101,28.366666666666667,16.799,21.666666666666668,19.708,30.9,17.018,True,1.0999999999999979,3.7330316742081378
PNU 1,Al Khaleej,2025-01-22 08:00:00,21.183333333333337,20.005,29.916666666666668,16.771,23.583333333333332,23.663,29.516666666666666,16.794,False,-8.73333333333333,-41.22738001573562
PNU 1,Al Khaleej,2025-01-22 17:00:00,32.71666666666667,20.005,30.75,16.771,24.666666666666668,23.663,28.683333333333337,16.794,True,1.9666666666666686,6.011207335710653
PNU 1,Ishbiliyah,2025-01-22 08:00:00,20.166666666666668,22.132,31.333333333333332,18.783,24.883333333333333,25.674,32.18333333333333,18.806,False,-11.166666666666664,-55.371900826446264
PNU 1,Ishbiliyah,2025-01-22 17:00:00,32.46666666666667,21.255,32.166666666666664,18.783,26.4,25.674,31.35,18.806,True,0.30000000000000426,0.9240246406570972
PNU 1,King Fahad Sport City,2025-01-22 08:00:00,23.75,29.229,35.06666666666667,22.159,26.7,28.762,39.06666666666667,22.161,False,-11.31666666666667,-47.649122807017555
PNU 1,King Fahad Sport City,2025-01-22 17:00:00,36.0,29.229,35.9,22.159,32.55,28.762,36.9,22.161,True,0.10000000000000142,0.27777777777778173
PNU 1,Jeddah Road,2025-01-22 08:00:00,36.766666666666666,43.155,107.01666666666668,62.374,45.85,53.346,97.98333333333332,60.932,False,-70.25000000000001,-191.06980961015415
PNU 1,Jeddah Road,2025-01-22 17:00:00,65.7,43.155,98.18333333333334,62.374,54.03333333333333,50.835,94.06666666666666,60.932,False,-32.483333333333334,-49.44190766108574
PNU 1,Tuwaiq,2025-01-22 08:00:00,39.583333333333336,44.976,103.7,59.908,44.8,53.36,94.7,58.462,False,-64.11666666666667,-161.97894736842107
PNU 1,Tuwaiq,2025-01-22 17:00:00,71.85,44.976,94.86666666666666,59.908,50.46666666666667,50.849,90.78333333333332,58.462,False,-23.016666666666666,-32.03433078172118
PNU 1,Ad Douh,2025-01-22 08:00:00,37.3,43.239,99.83333333333331,56.796,45.28333333333333,52.158,94.81666666666666,55.945,False,-62.53333333333332,-167.64968722073277
PNU 1,Ad Douh,2025-01-22 17:00:00,71.23333333333333,43.239,91.0,56.796,51.81666666666667,49.317,95.06666666666666,55.945,False,-19.766666666666666,-27.74918109499298
PNU 1,Western Station,2025-01-22 08:00:00,37.06666666666667,44.967,120.5,46.8,46.61666666666667,53.989,110.78333333333332,45.094,False,-83.43333333333334,-225.08992805755398
PNU 1,Western Station,2025-01-22 17:00:00,69.51666666666667,44.967,126.33333333333331,46.8,52.3,51.148,112.03333333333332,45.094,False,-56.81666666666665,-81.73099976024932
PNU 1,Aishah bint Abi Bakr Street,2025-01-22 08:00:00,43.93333333333333,48.604,100.45,39.183,45.78333333333333,50.081,98.81666666666666,38.807,False,-56.51666666666667,-128.64188163884677
PNU 1,Aishah bint Abi Bakr Street,2025-01-22 17:00:00,72.16666666666667,44.435,99.61666666666666,39.183,60.266666666666666,54.236,92.35,48.233,False,-27.44999999999999,-38.03695150115472
PNU 1,Sultanah,2025-01-22 08:00:00,41.7,36.29,100.05,34.31,48.833333333333336,40.863,72.78333333333333,43.441,False,-58.349999999999994,-139.92805755395682
PNU 1,Sultanah,2025-01-22 17:00:00,79.31666666666666,36.29,106.31666666666666,38.986,64.38333333333334,35.442,74.36666666666666,43.441,False,-27.0,-34.04076486656861
PNU 1,Al Jarradiyah,2025-01-22 08:00:00,38.35,34.565,71.56666666666666,43.677,48.05,34.66,70.16666666666667,42.267,False,-33.21666666666666,-86.61451542807474
PNU 1,Al Jarradiyah,2025-01-22 17:00:00,73.9,34.565,68.73333333333333,43.677,58.61666666666667,34.66,71.75,42.267,True,5.166666666666671,6.991429860171408
PNU 1,Dhahrat Al Badiah,2025-01-22 08:00:00,44.63333333333333,37.752,95.88333333333334,37.958,46.016666666666666,49.913,77.43333333333334,46.998,False,-51.25000000000001,-114.82449589245707
PNU 1,Dhahrat Al Badiah,2025-01-22 17:00:00,67.65,44.864,80.56666666666666,48.47,61.35,49.913,77.18333333333334,46.998,False,-12.916666666666657,-19.09337275190932
PNU 1,Courts Complex,2025-01-22 08:00:00,39.56666666666667,34.468,73.73333333333333,31.015,45.03333333333333,39.435,67.08333333333333,31.033,False,-34.166666666666664,-86.35214827295702
PNU 1,Courts Complex,2025-01-22 17:00:00,79.65,34.468,73.73333333333333,31.015,56.45,34.304,69.11666666666666,40.481,True,5.916666666666671,7.428332287089355
PNU 1,Qasr Al Hokm,2025-01-22 08:00:00,41.8,34.88,71.91666666666667,32.21,47.733333333333334,32.377,63.1,32.081,False,-30.116666666666674,-72.04944178628392
PNU 1,Qasr Al Hokm,2025-01-22 17:00:00,79.83333333333333,34.805,71.91666666666667,32.21,55.71666666666667,32.377,63.1,32.081,True,7.916666666666657,9.916492693110635
PNU 1,Al Hilla,2025-01-22 08:00:00,39.6,34.114,70.33333333333333,32.081,48.31666666666667,35.549,62.78333333333333,32.045,False,-30.733333333333327,-77.6094276094276
PNU 1,Al Hilla,2025-01-22 17:00:00,70.91666666666667,34.114,70.33333333333333,32.081,56.81666666666667,35.549,62.78333333333333,32.045,True,0.5833333333333428,0.8225616921269228
PNU 1,Al Margab,2025-01-22 08:00:00,41.88333333333333,34.63,77.31666666666666,32.597,48.05,37.779,69.61666666666666,32.561,False,-35.43333333333333,-84.600079586152
PNU 1,Al Margab,2025-01-22 17:00:00,72.31666666666666,34.63,77.31666666666666,32.597,56.1,35.033,68.7,32.561,False,-5.0,-6.914035492048859
PNU 1,As Salhiyah,2025-01-22 08:00:00,33.65,31.268,81.96666666666667,31.729,44.083333333333336,31.703,77.5,31.751,False,-48.31666666666667,-143.58593363051017
PNU 1,As Salhiyah,2025-01-22 17:00:00,56.25,31.268,81.98333333333333,31.729,55.46666666666667,31.703,77.08333333333333,31.751,False,-25.733333333333334,-45.74814814814815
PNU 1,First Industrial City,2025-01-22 08:00:00,33.583333333333336,30.643,62.916666666666664,38.494,37.15,36.166,63.916666666666664,36.922,False,-29.33333333333333,-87.34491315136475
PNU 1,First Industrial City,2025-01-22 17:00:00,53.81666666666667,30.643,60.083333333333336,38.494,52.666666666666664,36.166,60.75,36.922,False,-6.266666666666666,-11.644471972746977
PNU 1,Railway,2025-01-22 08:00:00,32.483333333333334,29.684,62.36666666666667,38.999,35.733333333333334,35.188,62.55,36.371,False,-29.883333333333333,-91.99589533093894
PNU 1,Railway,2025-01-22 17:00:00,51.78333333333333,29.684,59.53333333333333,38.999,51.25,35.188,59.38333333333333,36.371,False,-7.75,-14.96620534277438
PNU 1,Al Malaz,2025-01-22 08:00:00,31.8,29.233,73.35,29.927,35.03333333333333,31.764,82.88333333333334,28.703,False,-41.55,-130.66037735849056
PNU 1,Al Malaz,2025-01-22 17:00:00,50.71666666666667,29.233,76.85,29.927,47.833333333333336,31.764,80.3,28.703,False,-26.133333333333326,-51.52809727242851
PNU 1,Jarir District,2025-01-22 08:00:00,26.333333333333332,24.398,99.25,32.792,30.983333333333334,29.16,107.05,31.508,False,-72.91666666666667,-276.8987341772152
PNU 1,Jarir District,2025-01-22 17:00:00,40.85,24.398,103.73333333333332,35.369,42.15,29.16,101.46666666666668,31.508,False,-62.88333333333332,-153.93716850265193
PNU 1,Al Rajhi Grand Mosque,2025-01-22 08:00:00,25.633333333333333,23.747,73.55,32.118,27.433333333333337,27.477,69.9,30.676,False,-47.916666666666664,-186.93107932379712
PNU 1,Al Rajhi Grand Mosque,2025-01-22 17:00:00,40.81666666666667,23.747,70.71666666666667,32.118,40.06666666666667,27.477,71.48333333333333,30.676,False,-29.9,-73.25438954675377
PNU 1,Harun ar Rashid Road,2025-01-22 08:00:00,28.483333333333334,26.255,48.233333333333334,30.361,30.083333333333332,29.301,47.11666666666667,28.888,False,-19.75,-69.33879461673493
PNU 1,Harun ar Rashid Road,2025-01-22 17:00:00,45.61666666666667,26.255,45.4,30.361,42.36666666666667,29.301,49.61666666666667,28.888,True,0.21666666666666856,0.4749725977347502
PNU 1,Hassan Bin Thabit Street,2025-01-22 08:00:00,31.466666666666665,29.562,86.25,26.519,37.766666666666666,35.325,90.7,30.19,False,-54.78333333333333,-174.09957627118644
PNU 1,Hassan Bin Thabit Street,2025-01-22 17:00:00,48.88333333333333,33.562,84.41666666666667,26.519,46.983333333333334,35.603,86.11666666666666,28.858,False,-35.53333333333334,-72.69007841800206
PNU 1,Khashm Al An,2025-01-22 08:00:00,28.783333333333335,31.32,106.35,28.027,36.06666666666667,37.801,111.23333333333332,31.698,False,-77.56666666666666,-269.4846554719166
PNU 1,Khashm Al An,2025-01-22 17:00:00,44.6,31.32,104.51666666666668,28.027,48.31666666666667,44.316,116.31666666666666,31.698,False,-59.91666666666668,-134.34230194319883
PNU 1,KAFD,2025-01-22 08:00:00,22.883333333333333,19.292,18.266666666666666,13.042,17.783333333333335,18.666,17.983333333333334,13.052,True,4.616666666666667,20.174799708667155
PNU 1,KAFD,2025-01-22 17:00:00,30.583333333333332,22.271,18.266666666666666,13.042,29.5,18.666,17.983333333333334,13.052,True,12.316666666666666,40.2724795640327
PNU 1,ar Rabi,2025-01-22 08:00:00,15.283333333333331,13.369,12.15,9.865,16.883333333333333,15.083,13.666666666666666,9.87,True,3.133333333333331,20.50163576881133
PNU 1,ar Rabi,2025-01-22 17:00:00,20.366666666666667,13.369,12.15,9.865,29.033333333333335,15.083,13.666666666666666,9.87,True,8.216666666666667,40.34369885433715
PNU 1,Uthman Bin Affan Road,2025-01-22 08:00:00,12.366666666666667,10.339,7.816666666666666,5.873,13.15,11.752,9.333333333333334,5.852,True,4.550000000000001,36.79245283018868
PNU 1,Uthman Bin Affan Road,2025-01-22 17:00:00,17.066666666666666,10.339,7.816666666666666,5.873,13.883333333333333,11.752,9.333333333333334,5.852,True,9.25,54.19921875
PNU 1,SABIC,2025-01-22 08:00:00,9.3,8.049,5.516666666666667,4.364,12.083333333333334,13.004,5.916666666666667,4.364,True,3.783333333333334,40.681003584229394
PNU 1,SABIC,2025-01-22 17:00:00,13.45,8.049,5.516666666666667,4.364,14.2,13.004,5.916666666666667,4.364,True,7.933333333333333,58.98389095415118
PNU 1,PNU 2,2025-01-22 08:00:00,3.8833333333333337,2.913,3.316666666666667,2.426,5.883333333333334,5.904,3.3833333333333333,2.486,True,0.5666666666666669,14.592274678111592
PNU 1,PNU 2,2025-01-22 17:00:00,3.9833333333333334,2.913,3.316666666666667,2.426,6.366666666666666,5.904,3.3833333333333333,2.486,True,0.6666666666666665,16.736401673640163
PNU 1,Airport T5,2025-01-22 08:00:00,12.983333333333333,14.075,14.066666666666666,13.432,14.016666666666667,16.961,13.883333333333333,13.499,False,-1.083333333333334,-8.344030808729146
PNU 1,Airport T5,2025-01-22 17:00:00,13.466666666666669,14.075,14.066666666666666,13.432,16.016666666666666,16.961,13.883333333333333,13.499,False,-0.5999999999999979,-4.455445544554439
PNU 1,Airport T3-4,2025-01-22 08:00:00,14.516666666666667,16.351,16.633333333333333,15.33,12.833333333333334,17.233,16.683333333333334,15.392,False,-2.1166666666666654,-14.58094144661308
PNU 1,Airport T3-4,2025-01-22 17:00:00,14.983333333333333,16.351,16.633333333333333,15.33,14.483333333333333,17.233,16.683333333333334,15.392,False,-1.6500000000000004,-11.012235817575085
PNU 1,Airport T1-2,2025-01-22 08:00:00,16.45,17.67,21.25,15.959,15.133333333333333,19.623,18.266666666666666,16.021,False,-4.800000000000001,-29.179331306990886
PNU 1,Airport T1-2,2025-01-22 17:00:00,17.166666666666668,17.67,21.25,15.959,16.75,19.623,18.266666666666666,16.021,False,-4.083333333333332,-23.786407766990283
PNU 1,King Abdulaziz Hospital,2025-01-22 08:00:00,35.68333333333333,28.251,54.78333333333333,30.447,35.11666666666667,28.403,49.55,30.471,False,-19.1,-53.526389537599265
PNU 1,King Abdulaziz Hospital,2025-01-22 17:00:00,50.233333333333334,28.251,58.96666666666667,30.447,51.75,28.403,50.7,30.471,False,-8.733333333333334,-17.385534173855344
PNU 1,Al Wizarat,2025-01-22 08:00:00,30.783333333333335,25.853,58.13333333333333,32.266,30.783333333333335,26.581,55.083333333333336,32.287,False,-27.349999999999998,-88.84677855982673
PNU 1,Al Wizarat,2025-01-22 17:00:00,45.983333333333334,26.768,62.31666666666667,32.266,48.766666666666666,26.581,53.9,32.287,False,-16.333333333333336,-35.5201159840522
PNU 1,Ministry of Defence,2025-01-22 08:00:00,32.36666666666667,27.324,56.46666666666667,31.375,33.31666666666667,27.683,51.75,31.395,False,-24.1,-74.45932028836252
PNU 1,Ministry of Defence,2025-01-22 17:00:00,46.583333333333336,27.324,60.65,31.375,48.78333333333333,33.704,52.9,31.395,False,-14.066666666666663,-30.196779964221815
PNU 1,Ministry of Finance,2025-01-22 08:00:00,36.71666666666667,28.765,52.983333333333334,29.593,38.016666666666666,29.802,47.916666666666664,29.612,False,-16.266666666666666,-44.30322287789378
PNU 1,Ministry of Finance,2025-01-22 17:00:00,57.61666666666667,29.68,57.166666666666664,29.593,51.516666666666666,29.802,49.06666666666667,29.612,True,0.45000000000000284,0.7810240092565858
PNU 1,GOSI,2025-01-22 08:00:00,28.15,24.882,60.0,33.408,28.216666666666665,25.441,56.95,33.42,False,-31.85,-113.14387211367674
PNU 1,GOSI,2025-01-22 17:00:00,45.333333333333336,25.797,64.18333333333334,33.408,42.45,29.234,55.766666666666666,33.42,False,-18.85,-41.58088235294118
PNU 1,Officers Club,2025-01-22 08:00:00,29.7,25.07,51.15,28.465,27.516666666666666,29.895,60.61666666666667,34.717,False,-21.45,-72.22222222222221
PNU 1,Officers Club,2025-01-22 17:00:00,43.88333333333333,23.885,66.15,34.7,44.333333333333336,30.168,57.766666666666666,34.717,False,-22.266666666666673,-50.740600075958994
PNU 1,Abu Dhabi square,2025-01-22 08:00:00,27.683333333333337,24.26,49.4,23.171,25.766666666666666,29.122,52.0,21.614,False,-21.71666666666666,-78.4467188440698
PNU 1,Abu Dhabi square,2025-01-22 17:00:00,41.86666666666667,23.616,50.88333333333333,23.171,43.78333333333333,29.395,52.31666666666667,21.614,False,-9.016666666666666,-21.536624203821653
PNU 1,Ad Dhabab,2025-01-22 08:00:00,28.3,24.364,47.36666666666667,26.518,24.15,27.797,51.61666666666667,20.702,False,-19.066666666666666,-67.37338044758539
PNU 1,Ad Dhabab,2025-01-22 17:00:00,43.983333333333334,24.364,49.88333333333333,26.518,39.8,28.071,47.78333333333333,20.702,False,-5.899999999999999,-13.414172034861688
PNU 1,As Sulimaniyah,2025-01-22 08:00:00,26.616666666666667,23.197,45.78333333333333,25.72,23.583333333333332,26.989,51.13333333333333,19.58,False,-19.166666666666664,-72.01001878522229
PNU 1,As Sulimaniyah,2025-01-22 17:00:00,40.4,22.553,48.3,25.72,36.333333333333336,27.263,47.63333333333333,19.58,False,-7.899999999999999,-19.55445544554455
PNU 1,King Salman Park,2025-01-22 08:00:00,23.866666666666667,20.857,43.016666666666666,23.585,24.05,23.41,55.083333333333336,23.663,False,-19.15,-80.23743016759775
PNU 1,King Salman Park,2025-01-22 17:00:00,34.36666666666667,20.857,45.53333333333333,23.585,36.63333333333333,26.93,65.45,39.606,False,-11.166666666666664,-32.492725509214345
PNU 1,Ministry of Education,2025-01-22 08:00:00,24.65,18.414,39.083333333333336,21.93,23.666666666666668,20.744,39.166666666666664,24.164,False,-14.433333333333337,-58.553076402975
PNU 1,Ministry of Education,2025-01-22 17:00:00,33.333333333333336,18.414,39.916666666666664,21.93,32.53333333333333,20.744,40.5,24.164,False,-6.583333333333329,-19.749999999999986
PNU 1,Granadia,2025-01-22 08:00:00,14.6,12.436,16.366666666666667,8.114,17.733333333333334,18.113,16.933333333333334,8.114,False,-1.7666666666666675,-12.100456621004572
PNU 1,Granadia,2025-01-22 17:00:00,22.966666666666665,12.436,16.366666666666667,8.114,20.866666666666667,18.113,16.933333333333334,8.114,True,6.599999999999998,28.737300435413637
PNU 1,Al Yarmuk,2025-01-22 08:00:00,17.65,16.275,21.566666666666663,12.737,19.6,19.451,22.133333333333333,12.737,False,-3.9166666666666643,-22.19074598677997
PNU 1,Al Yarmuk,2025-01-22 17:00:00,27.95,17.457,21.566666666666663,12.737,20.883333333333333,19.451,22.133333333333333,12.737,True,6.383333333333336,22.838401908169363
PNU 1,Al Hamra,2025-01-22 08:00:00,20.15,17.231,24.616666666666667,14.733,23.5,22.624,24.75,14.748,False,-4.466666666666669,-22.167080231596373
PNU 1,Al Hamra,2025-01-22 17:00:00,31.833333333333332,17.231,24.616666666666667,14.733,25.933333333333337,22.624,24.75,14.748,True,7.216666666666665,22.670157068062824
PNU 1,Al Andalus,2025-01-22 08:00:00,22.866666666666667,20.7,28.416666666666668,17.306,28.9,26.177,28.7,17.319,False,-5.550000000000001,-24.27113702623907
PNU 1,Al Andalus,2025-01-22 17:00:00,37.733333333333334,20.7,28.416666666666668,17.306,35.35,26.177,28.7,17.319,True,9.316666666666666,24.690812720848054
PNU 1,Khurais Road,2025-01-22 08:00:00,26.166666666666668,24.32,31.783333333333335,19.384,31.3,28.817,31.95,19.398,False,-5.616666666666667,-21.46496815286624
PNU 1,Khurais Road,2025-01-22 17:00:00,43.53333333333333,24.32,31.783333333333335,19.384,37.3,28.817,31.95,19.398,True,11.749999999999996,26.99081163859111
PNU 1,As Salam,2025-01-22 08:00:00,30.3,26.666,35.13333333333333,21.76,33.15,30.194,35.36666666666667,21.774,False,-4.833333333333332,-15.951595159515946
PNU 1,As Salam,2025-01-22 17:00:00,47.53333333333333,26.666,35.13333333333333,21.76,39.833333333333336,30.194,35.36666666666667,21.774,True,12.399999999999999,26.08695652173913
PNU 1,An Naseem,2025-01-22 08:00:00,30.716666666666665,28.436,41.28333333333333,24.715,35.916666666666664,33.17,38.9,24.698,False,-10.566666666666666,-34.400434074877914
PNU 1,An Naseem,2025-01-22 17:00:00,50.983333333333334,28.436,39.5,24.715,45.88333333333333,33.17,38.9,24.698,True,11.483333333333334,22.523700555737168
